rms,kurtosis,speed,rms_kurt_ratio,energy,label
0.9610495905562464,3.3275608738757536,78,0.2887282603418957,0.9236163155083288,HEALTHY
0.8891229688204298,3.002878630014629,67,0.2959916422509054,0.7905396536840551,HEALTHY
1.4936630736878058,6.125536026151579,89,0.24380221830280485,2.2310293776985035,WARNING
1.0693569817252828,2.434687902136881,71,0.43903694754451633,1.1435243543646068,HEALTHY
0.8548715347955183,3.441376490015253,75,0.24833760551035208,0.730805341003645,HEALTHY
1.0677663121251795,2.8928093992227693,71,0.3689829442160097,1.1401248973094062,HEALTHY
1.484674073056978,5.86655355382592,80,0.25303119254683254,2.2042571032075973,WARNING
1.5147921024369606,5.7820968583841506,86,0.2619344167201459,2.2945951136053875,WARNING
2.0299492299788175,10.347439821046638,89,0.1961599299104306,4.120693876291594,FAULT
1.1123354107612005,2.7595608974600667,71,0.4029381897659409,1.2372900660332886,HEALTHY
1.1158035929682553,2.7116625400115915,61,0.4113315152586165,1.2450176580808678,HEALTHY
1.0758399837822639,2.6426332236509187,77,0.4069550852052404,1.1574316707046217,HEALTHY
1.6386159895994492,5.902820968713982,85,0.2775517750763343,2.6850623613709823,WARNING
1.6177357086266164,5.815300400848809,82,0.27813826610305925,2.6170688229656607,WARNING
1.1118960333466945,2.9847433353348163,72,0.37240174672348664,1.2363127889721135,HEALTHY
1.0965698235770431,3.555099383837343,62,0.30836309821964203,1.2024653779797876,HEALTHY
1.6338128311053155,5.904161238198882,87,0.2766753971994235,2.669344367084366,WARNING
1.0765010745122852,3.590218050848944,61,0.29975931822290947,1.1588545634261045,HEALTHY
1.1675153028345915,2.7504406661839855,64,0.4243287224702672,1.363091982352948,HEALTHY
1.6501754503076513,5.977936830597383,78,0.2759981409843353,2.72307901679806,WARNING
0.975298972727036,3.5136832750615756,73,0.2774927059992196,0.9512080862024118,HEALTHY
0.8404203916728205,3.5287610017500897,69,0.2380955513011028,0.706306434739497,HEALTHY
1.0620391262488476,3.1546314994614426,76,0.3365535951932604,1.1279271056834155,HEALTHY
1.1222825992500673,3.20760013242486,66,0.34977328209542774,1.2595182325794874,HEALTHY
0.9868593337041665,3.497484513508491,66,0.28208195002540815,0.9738913445190314,HEALTHY
1.0901158665219846,3.663274661172811,65,0.29749840482019846,1.1883526024429774,HEALTHY
1.0168188292475628,2.640503647357657,70,0.384939400051446,1.0339205315123843,HEALTHY
1.02378998533776,2.8553607783006685,60,0.35842460557340455,1.0481459340778907,HEALTHY
0.9420488021413593,2.792370885852772,65,0.3372444407265907,0.88745594561597,HEALTHY
1.3801555109539503,5.547612806340784,80,0.24873883962073381,1.9048292344165596,WARNING
0.9967151503815658,2.9944850033967017,68,0.3327391555128302,0.9934410910001473,HEALTHY
1.0487613327990577,3.1890494217659366,71,0.328760214698645,1.099900333174456,HEALTHY
0.8964983027760767,3.1893944498203135,76,0.28099920460511346,0.803709206880386,HEALTHY
2.0616467953547972,9.315834914818822,85,0.22128188534023077,4.250387508796705,FAULT
1.5905627190650171,6.984742718172091,87,0.22768698808896415,2.5298897632795008,WARNING
2.3034593677412807,8.250207422505643,95,0.2791663389116195,5.305925058835061,FAULT
1.1082266491332695,2.952372255858016,64,0.3752410983529425,1.2281663058491548,HEALTHY
1.6204228512560324,7.114273375485987,78,0.22773866382124133,2.6257702168727297,WARNING
1.2047071840742496,3.232388322377827,62,0.37258351424622904,1.451319399360108,HEALTHY
1.363920388272064,5.841137784883617,84,0.23346255060967125,1.860278825544218,WARNING
0.9764460612612957,3.8199737620070158,77,0.25554900977608513,0.9534469105526981,HEALTHY
2.3838415293905246,10.273316969089427,86,0.2320194652902358,5.682700437246956,FAULT
2.078650994846361,9.956121798533966,96,0.20876022578657324,4.320789958375766,FAULT
1.0510427119813242,3.351107836789237,76,0.3135468079058127,1.1046907824090566,HEALTHY
1.0707906235398739,3.5127291487109242,68,0.30474478203099775,1.1465925594609119,HEALTHY
1.1152922178305098,3.388682916610792,79,0.32902552989990164,1.2438767311532972,HEALTHY
2.273528169102229,10.61707079698011,95,0.21411876155024734,5.168930335701333,FAULT
2.280609662209952,10.502687465462712,98,0.21712466880882064,5.20118043136539,FAULT
1.0734457978638945,2.914259432789453,77,0.3682162162963221,1.152285880951653,HEALTHY
1.1992619608915807,3.389533168364715,75,0.35370896001881486,1.438229250841519,HEALTHY
1.883985186897043,9.374712374428873,92,0.2009431509476961,3.549400184447486,FAULT
1.6009383492867741,6.364321350977206,78,0.251509430712559,2.5630035982170614,WARNING
1.8228014189620978,5.888184790274329,83,0.3095167640133072,3.322605012970237,WARNING
1.0438318632468717,3.3364607899266576,67,0.3127622851472692,1.089584958729436,HEALTHY
1.5515602270253488,6.6721204462943895,89,0.2325089498252555,2.407339138086952,WARNING
1.5052256972419564,6.10215823848689,80,0.24663061949629797,2.2657043996375337,WARNING
1.5486100016261608,5.914359223068714,82,0.2617947521406464,2.3981929371365776,WARNING
2.2712258726198167,7.455770406250401,99,0.3045857320102056,5.158466964457648,FAULT
2.0595075535310663,10.177049794903608,89,0.2023479541790325,4.241571363051518,FAULT
1.0411036800151785,2.5003722263313546,77,0.41621301662172705,1.083896872541147,HEALTHY
1.5707817111021418,6.031190427837302,85,0.2603998878837298,2.4673551839329724,WARNING
1.1008090040721583,2.767919651983806,61,0.3975590275013861,1.2117804634463372,HEALTHY
0.9679600104223876,2.726784155465979,67,0.35485212731468263,0.9369465817769086,HEALTHY
1.4349190284287865,6.629202762503166,87,0.2164215906855686,2.0589926181470126,WARNING
2.2108898239741706,9.657207490980108,97,0.22891305928547734,4.888033813752539,FAULT
1.0055244081780306,3.148906068614446,78,0.3192236169189427,1.0110793354417786,HEALTHY
0.9881739828369943,3.1052725573039965,78,0.31812211086030795,0.9764878203559283,HEALTHY
0.9069202796015603,3.3429218167746537,76,0.27121455862156524,0.8225043935525723,HEALTHY
1.0122454507368455,3.6355802387869467,64,0.27835091879465856,1.0246408525374395,HEALTHY
1.464163554888804,6.207758649360805,82,0.23582226940638773,2.1437749154646193,WARNING
1.0186878550334535,3.3752090389686704,74,0.3017253503191354,1.0377249459926583,HEALTHY
1.5371366629806649,5.508269628548125,80,0.2790091548642812,2.362789120679334,WARNING
0.9882544737794596,3.864520692243262,60,0.25565882385846184,0.9766469049451166,HEALTHY
1.0244515937748178,3.118153397808965,67,0.32843899068716503,1.0495010679877643,HEALTHY
2.2042123497484525,11.644806606010563,99,0.18927090448254807,4.858552082783595,FAULT
0.955314146564437,3.291588172892175,73,0.2901407939290807,0.9126251186261387,HEALTHY
1.0275476099727343,2.958409632200901,79,0.3472137141111321,1.0558540907606786,HEALTHY
1.0060597674108558,3.6387185017765615,64,0.2764114221799829,1.0121562556027852,HEALTHY
1.1734454121487268,3.729305522860495,61,0.31457085886329716,1.3769741352928953,HEALTHY
1.3049626670458376,3.2336654084031684,72,0.40343049505390677,1.7029275623833857,HEALTHY
1.0659247756458776,2.9599132491364823,76,0.35999865107724544,1.1361956273357146,HEALTHY
2.3844871564784484,9.93140001096033,96,0.24007159939663975,5.685778999410677,FAULT
1.0007893057782935,4.044527056646501,78,0.24738168643170258,1.0015792345601986,HEALTHY
2.3774034837266913,9.846890144774068,92,0.24141246995817642,5.6520473244358085,FAULT
2.2061983735470063,8.777300480179406,85,0.25132408927313427,4.867311263441456,FAULT
1.7365907211963922,5.21127979885747,79,0.33317296618977593,3.0157473329454056,WARNING
1.2061024068588604,3.183965945050799,77,0.37868612338949936,1.454683015830736,HEALTHY
1.5934416694330966,6.148788480421434,82,0.2591051179249503,2.539056353885734,WARNING
1.706647789103418,10.789566338614964,92,0.15816109512213766,2.9126466760515846,FAULT
2.14581968120717,9.517327383308782,86,0.2254408358521112,4.6045421042560415,FAULT
1.1334940516295,3.291591415275416,64,0.3442559093031852,1.2848087650794597,HEALTHY
1.1415497228379747,3.5431458635153867,62,0.32209445288058436,1.303135769711457,HEALTHY
1.050971720725858,3.5723736335896317,75,0.29411190334163423,1.104541557765471,HEALTHY
1.0028277714650269,3.0806795107345173,63,0.32541598435912733,1.005663539221512,HEALTHY
1.0759333081990754,3.1479427782529266,79,0.3416808065327935,1.1576324836922065,HEALTHY
1.4518135180119833,7.055432365411276,80,0.20574327688994523,2.1077624910823314,WARNING
1.377121671343182,5.961590592551523,82,0.23096029317583608,1.896464097683039,WARNING
1.46610241062897,5.794709772252515,87,0.252963393310008,2.1494562784520768,WARNING
1.0252725992642464,3.5215252205505037,77,0.2910618193115494,1.051183902802064,HEALTHY
2.3277968588554305,9.896064233225875,85,0.23520074276578706,5.418638216097209,FAULT
1.069597325688698,2.9972227298515484,69,0.3567437852562932,1.1440384391204146,HEALTHY
0.9234676859508364,3.231603605697623,67,0.2856730359154395,0.8527925669953926,HEALTHY
1.142348347072714,3.0090473077698716,66,0.37951175854411207,1.304959746059762,HEALTHY
2.017154511339115,10.760111366248172,99,0.18744853042464052,4.068912322615745,FAULT
1.168260169185797,2.8482128639012974,69,0.4100290939955085,1.364831822906027,HEALTHY
2.146196758419462,8.397470635362192,97,0.25554614067265896,4.606160525850207,FAULT
1.1772126175208681,3.3886567817792277,67,0.3472955208470842,1.3858295468503339,HEALTHY
1.1516910580784732,3.508345240585616,72,0.32817832932455704,1.326392293257913,HEALTHY
1.0060593454767144,2.2163226551685806,60,0.45372708528981537,1.012155406621035,HEALTHY
1.0555722131615104,3.593401722543386,70,0.2936711849822371,1.1142326971986891,HEALTHY
2.318714804556069,8.333678521760032,93,0.2782008686360739,5.376438344867489,FAULT
1.724137232935405,6.375562495651124,78,0.2703866282360257,2.972649197994155,WARNING
1.6546784764064815,5.910005203443011,86,0.27993182537593997,2.737960860282875,WARNING
1.9748876423936077,9.165151666410694,89,0.2154543928866649,3.900181200078982,FAULT
1.0373820833396719,2.6579768177928274,77,0.39014333498431386,1.0761615868341579,HEALTHY
0.943951177959793,2.8915178153673144,76,0.3263423903371612,0.8910438263716808,HEALTHY
1.1882198101947408,2.602959454233723,75,0.4563127157232956,1.4118663173392259,HEALTHY
0.9443813434383487,3.9325835063417416,77,0.24008168173265235,0.8918561218344203,HEALTHY
1.5128308275820874,5.098109780697394,83,0.29668528285248663,2.2886571128827033,WARNING
1.8073730941818245,10.753872374165413,90,0.168051561311259,3.2665975015723823,FAULT
2.011170809298501,9.50986007304325,93,0.21146045613674708,4.044808024174388,FAULT
1.0413097068728916,3.1778060166809308,65,0.3275788775435088,1.0843259056277075,HEALTHY
1.7466631983648744,5.935141211683362,80,0.29424219136282276,3.0508323285222123,WARNING
1.4959921434224908,6.173709959408499,86,0.24227731395594135,2.2379924931818183,WARNING
1.0596236505369518,3.4057755336235,60,0.31103418469426414,1.1228022807772562,HEALTHY
1.3659062995117255,6.5666060931391055,85,0.20797628239894422,1.8657000190458155,WARNING
0.7717464629090756,3.092694775220195,62,0.2494578550833756,0.5955926030126691,HEALTHY
1.570396748348877,6.4919471118570735,82,0.24186193438740664,2.4661459472247262,WARNING
1.083097023996166,3.736835401722366,74,0.2897658424169997,1.1730991633893513,HEALTHY
1.097499374067297,3.685126029473074,70,0.2977378866842984,1.2045048760781085,HEALTHY
1.134673958947967,2.4965042054307545,74,0.4543231424718524,1.2874849931146528,HEALTHY
1.0284474532444354,3.487016902318385,65,0.2948516254496519,1.0577041640849651,HEALTHY
1.0289406629942432,3.413923716032507,69,0.3013070711253477,1.058718887963033,HEALTHY
2.1470563482730127,10.196405429696327,96,0.21054927776240737,4.609850962659444,FAULT
1.0602432854846768,3.00746466028811,61,0.35242005647596375,1.124115824415342,HEALTHY
0.9456424399596117,3.4678690195320154,78,0.2726082866303174,0.8942396242527678,HEALTHY
1.8310370243015595,5.138887120010944,88,0.356240707538663,3.35269658436311,WARNING
0.9618998476122311,3.3950693099693177,62,0.2832391685259573,0.9252513168364335,HEALTHY
2.243555909241542,9.415064381578995,97,0.23826896443387705,5.033543117892641,FAULT
0.9847600741369209,2.9763898027064575,65,0.3307461029260497,0.9697524036141539,HEALTHY
0.9352728904613982,3.123386870434683,61,0.29934605708136186,0.8747353796320185,HEALTHY
0.9525208286970732,2.7358699898922776,74,0.34803291066616,0.9072959291017592,HEALTHY
1.6521625117520613,5.4277817664786685,78,0.3043339339874997,2.7296409652388802,WARNING
1.5528501778397297,5.989381586008743,85,0.25922391679798795,2.41134367481688,WARNING
0.9287847150241159,3.74674970697781,61,0.24782463815415492,0.8626410468624282,HEALTHY
1.619186835566692,5.986750092726122,88,0.2704165689101937,2.621766008472478,WARNING
1.5346498890223081,5.226675735639745,80,0.2935625632936284,2.355150281876183,WARNING
1.0734932818887573,3.004492070617787,69,0.3571772131370481,1.152387826260295,HEALTHY
1.3627392902740796,5.924013677800646,81,0.2299976615041209,1.857058373256702,WARNING
1.1574479054486184,2.6769371727264972,77,0.43221622868402926,1.339685653827394,HEALTHY
1.2399463522793912,3.6058130770749193,67,0.3437789333083411,1.5374669565309682,HEALTHY
1.3090918374364673,6.440473703340851,82,0.2032286240270624,1.7137214388427862,WARNING
1.1240942038025314,3.9637666561880525,72,0.283520898272308,1.263587779022447,HEALTHY
1.00063276733705,2.696463183379122,75,0.3709532621251771,1.001265935068603,HEALTHY
1.0026084860608906,2.8544036921280735,68,0.35112670366888377,1.005223776321311,HEALTHY
0.8497792382670228,3.4738568806220678,63,0.244550859923444,0.7221247537896816,HEALTHY
2.184793265833914,10.307871947242429,95,0.21193330143346434,4.773321614433219,FAULT
2.0346457338863333,10.155391225825756,92,0.2003315635097454,4.139783262421856,FAULT
1.6179608156622827,6.299090905663157,88,0.25681547137802346,2.617797201018559,WARNING
1.6619614568466021,5.342959050563309,83,0.3109981646793147,2.76211588404368,WARNING
1.9680614099703093,10.038623649837644,88,0.19602940096286736,3.873265713414322,FAULT
1.0707778001377186,2.8382733499582367,65,0.37713093040283313,1.1465650972677721,HEALTHY
1.542070424162322,5.073390280142526,88,0.30389275144973854,2.3779811930761636,WARNING
1.4602436012208213,4.5167198111144105,82,0.32322580024293607,2.132311374906353,WARNING
1.0018425056882894,3.5041004378541443,64,0.2858241934720783,1.00368840620379,HEALTHY
1.044266077075405,2.7904725922043783,65,0.37409146698831314,1.0904916397304558,HEALTHY
1.0961657701744432,3.118781845582803,71,0.351359750274356,1.2015793957021301,HEALTHY
1.0093275236084998,2.7032637933177868,60,0.3732356015350794,1.0187420499136666,HEALTHY
1.690133847399177,5.952652505980728,85,0.2838818432384753,2.856552422124344,WARNING
2.302569458159624,10.037966699020966,87,0.2293631931645095,5.301826109649505,FAULT
1.0934786522371023,3.61396837083224,63,0.30248636780890037,1.1956955628982697,HEALTHY
1.1867433995783698,3.529960074451494,67,0.3360965217831643,1.4083598964428263,HEALTHY
0.9958869583612769,2.3078680369496447,65,0.431331259484622,0.9917908338340757,HEALTHY
1.7897659450744434,4.852287545612444,78,0.3687739348336077,3.2032621381482156,WARNING
2.3158811162366977,7.188864690992116,92,0.3221035743743786,5.3633053445417325,FAULT
0.8668750994453602,3.7729927669810026,62,0.22969707494665262,0.7514724380384031,HEALTHY
1.4450231943506358,5.559776276099468,78,0.25985997684557594,2.088092032211315,WARNING
1.5718239506070195,5.9489323517802015,83,0.26417509606419887,2.470630531701858,WARNING
1.6664093333496472,6.232463829484346,78,0.267332799055882,2.776920066274816,WARNING
1.17078170499677,3.360813792018769,69,0.34825893920011425,1.3707298007551436,HEALTHY
1.1529579971079675,3.0221449767017443,64,0.38137701168597166,1.3293121430952162,HEALTHY
1.163140101008993,3.0105644876091566,78,0.38622453737738005,1.3528948945752104,HEALTHY
1.3541338304685777,5.968578592550919,82,0.22683909918839504,1.8336784308195029,WARNING
2.1276054958810766,9.726423365070715,90,0.21872241147855187,4.526705146103362,FAULT
1.1023492525083247,3.1777661316358183,71,0.3467852641115964,1.2151738745056622,HEALTHY
2.3235698073326363,8.463485982503263,95,0.27450808142817323,5.398976649547825,FAULT
2.5064327237072157,9.990274619061788,92,0.2508621591608877,6.282204998470372,FAULT
1.14639765178406,3.4689700075580374,68,0.33037681861429913,1.3142275760160067,HEALTHY
1.0647106681524126,3.2400381770318796,70,0.3285091412059414,1.1336088068775567,HEALTHY
1.253095288138999,3.409581066843118,74,0.3674140164329481,1.570247801156161,HEALTHY
1.1356797173764204,2.9668797594348013,68,0.3826569165297645,1.289768420460186,HEALTHY
1.1341426773612722,3.1010528996559583,65,0.3656103599932346,1.2862796126121947,HEALTHY
1.1516100437260572,2.872610313183044,76,0.4007537272687613,1.3262056928107315,HEALTHY
1.606602572623741,4.882141418096316,81,0.3290100439585614,2.581171826361223,WARNING
1.0315252375833057,3.4784825459253677,70,0.29645937979808773,1.0640443157712953,HEALTHY
1.5177333571334204,5.1360844547549975,89,0.2954464483698673,2.3035145433554827,WARNING
1.480602329248724,5.253665293156072,84,0.2817691035768028,2.192183257376747,WARNING
1.0046269465651685,3.651555497218763,76,0.275047688482801,1.009275301764854,HEALTHY
1.2555941471752268,2.7571582181599914,77,0.4552291956669739,1.576516662420685,HEALTHY
1.0687851269436455,3.9272078431844464,76,0.272079576644097,1.1423016475759444,HEALTHY
0.9557977307780051,3.28148071925554,60,0.2911815216982533,0.913549302160384,HEALTHY
1.0587786111350235,3.126425537836409,69,0.33854638530179026,1.1210121473970092,HEALTHY
0.9611539323627337,3.900908177369449,77,0.24632920321838922,0.9238168816963465,HEALTHY
2.3944406692415874,7.225676435913353,87,0.33133359303901955,5.733346118518101,FAULT
1.0578996622109869,3.147861941605117,62,0.3359625419689654,1.11915169530612,HEALTHY
2.4933315552909447,9.84096818186127,87,0.2533366811616147,6.216702244609562,FAULT
1.1068767974562794,3.377705324594416,70,0.3276038278328254,1.2251762447470693,HEALTHY
1.811346765058042,8.499467114812857,86,0.21308790923990534,3.2809771032862334,FAULT
0.916417666234528,3.905874773705088,61,0.23456540567985562,0.8398213389867388,HEALTHY
1.850268119698609,10.539157572861678,99,0.17554463554345678,3.423492114773026,FAULT
0.9254696661180878,3.442403980538256,64,0.2687659279447725,0.8564941029047248,HEALTHY
0.9998151566658157,3.7006605885599297,71,0.27009909005589766,0.9996303474986895,HEALTHY
1.0633132119010311,2.8096080766833333,73,0.37832141048843676,1.1306349866032872,HEALTHY
1.0448565850311602,2.6629173765974867,76,0.3922255976143348,1.091725283282978,HEALTHY
1.222419163074646,3.468902913765509,66,0.3522920362483823,1.4943086102521177,HEALTHY
0.9699426273645324,3.941586150924752,72,0.246016850421145,0.9407887003788121,HEALTHY
1.6640214175434282,6.123743443840086,82,0.2716883462632227,2.7689672780432404,WARNING
1.9980721239043555,9.396649130341027,89,0.21261403742489463,3.992292212323662,FAULT
1.493702273576608,6.116162447579074,87,0.24418221460961115,2.2311464820879277,WARNING
0.9780960073406029,2.8361464410040114,67,0.3447463949003893,0.9566717995756286,HEALTHY
1.0420909698363827,4.119183590398833,69,0.2529234309521407,1.0859535894145327,HEALTHY
1.781825153733671,8.120423033264299,94,0.21939814567416888,3.1749008784780197,FAULT
1.0797275064389222,3.1526408397815087,60,0.3423749124563367,1.1658114881608128,HEALTHY
0.9352508026272924,3.4324088039463945,70,0.2723971586349711,0.8746940638149947,HEALTHY
1.157304953576011,2.846488884454293,66,0.40643001624844016,1.3393547555715728,HEALTHY
1.5346764979267074,6.133087173226673,85,0.2501882439208036,2.355231953288583,WARNING
1.9783284439637572,10.100309879408991,88,0.19584870354254547,3.9137834321960607,FAULT
1.5840269684733097,5.631630390301111,78,0.2812233110840831,2.5091414368507436,WARNING
0.9148354219137385,3.5948488800514844,61,0.2544143128452718,0.8369238491880878,HEALTHY
1.0643876334982447,3.0660590910495547,70,0.3470385153662002,1.1329210343439937,HEALTHY
1.4543658277070541,5.754537503667128,79,0.2526898359676065,2.1151799608020245,WARNING
1.4194662877685886,6.357689504406862,79,0.22323252091249834,2.014884542111538,WARNING
1.1288578173458852,2.9622141807447115,76,0.3809572135154206,1.274319971782916,HEALTHY
1.0440453256719964,3.4482688390202716,74,0.3026859819858363,1.090030642057545,HEALTHY
1.1527626427147115,3.475614481285989,64,0.3315762069449553,1.3288617104386056,HEALTHY
1.495550682975627,6.179764980276079,86,0.24196854074668678,2.2366718453488645,WARNING
1.5160021621000865,5.873232360701802,87,0.2580766420208423,2.298262555492137,WARNING
1.0843694575306069,3.283075074865245,66,0.33019021575659374,1.1758571204252226,HEALTHY
0.9635154767673391,3.6212611413331617,75,0.2659983472126806,0.9283620739701927,HEALTHY
1.1585485419375112,3.0562250903900394,79,0.37895428294738487,1.3422347240255332,HEALTHY
2.3376567611951993,8.883955271782627,85,0.2631028170304098,5.464639133161629,FAULT
1.658270560806703,4.592849198077737,79,0.3609762726866599,2.749861252838177,WARNING
1.6441325120150678,10.698177707834697,91,0.1536690535396115,2.703171717064977,FAULT
1.0830056317315297,2.4281261614743372,72,0.44584165652154056,1.1729011983622097,HEALTHY
1.582046031904311,6.333778477374062,79,0.24973975610274413,2.5028696470641765,WARNING
1.056582719142034,3.6261921500261405,62,0.29129493984332194,1.1163670423895744,HEALTHY
1.2578163714587507,2.9398516223719895,71,0.4277048056046566,1.582102024309658,HEALTHY
2.0608994957198457,10.853384477117702,91,0.1898679284914276,4.247306731458314,FAULT
1.3266381315587812,5.620156854034478,79,0.23600802575124938,1.759968732105774,WARNING
0.8953057359113952,2.7170416673414506,63,0.3293936758471788,0.8015723607558449,HEALTHY
1.0367421557482708,2.869766062793016,73,0.36113780540501694,1.0748342975055718,HEALTHY
1.5383480519116013,5.832591331872542,85,0.263705145663298,2.366514728820219,WARNING
2.383420582876727,11.021108557787716,97,0.216239984425912,5.680693674880437,FAULT
1.0397430779123913,2.999544013088572,68,0.3465181891606865,1.081065668066733,HEALTHY
0.9990090298154787,3.675606612443021,64,0.2717204028395249,0.9980190416528639,HEALTHY
1.5615854316246531,4.900097853205873,81,0.31861951717678916,2.4385490602623543,WARNING
2.075320146324686,8.226429792987876,86,0.25224404200853257,4.306953709741117,FAULT
1.228853974958758,2.9336246068818417,74,0.4187431578393481,1.5100820917719397,HEALTHY
0.8703466240804931,2.8486515251628863,68,0.305422124914289,0.7575032460483112,HEALTHY
1.090538772998947,3.1197148206650867,70,0.3494515954413712,1.1892748154140491,HEALTHY
0.910116241203398,2.6970638798284625,67,0.33732197669881014,0.8283115725022017,HEALTHY
1.555471059736406,5.421404722075631,82,0.2868600075910583,2.4194902176774984,WARNING
1.0085910960771063,3.2895151806555596,76,0.3065146460975049,1.0172559990860186,HEALTHY
1.0534617355795433,3.6121893681743322,78,0.29156006736282275,1.1097816283302635,HEALTHY
2.4147749607574425,8.268183857867305,95,0.2920209542154544,5.831138111101108,FAULT
2.181472300258059,11.131320579909177,92,0.19595845130394698,4.758821396793188,FAULT
1.0287009974270833,3.092545576645079,72,0.3325313857320634,1.058225742107476,HEALTHY
2.3633349379178306,10.569295590445673,99,0.22358267256537392,5.585352028783076,FAULT
1.5733823385442216,5.704795333773618,87,0.275751625585147,2.4755319832428837,WARNING
1.0066480700489162,3.4555564183747096,66,0.291228595227804,1.0133403369332077,HEALTHY
1.08346020438288,3.360164811695375,71,0.322346646202208,1.1738860144813923,HEALTHY
1.115420215670084,2.6042427761402775,76,0.42814444238575067,1.244162257525497,HEALTHY
1.5160269198517695,5.270783595275542,85,0.28757381490590767,2.298337621715244,WARNING
2.071812286066955,8.72956843295374,91,0.2373055433878566,4.2924061486979825,FAULT
1.5385645361135658,5.967412915462203,89,0.2577845329916181,2.367180831786352,WARNING
1.1116340173693315,3.4707081082867823,79,0.3201980070605361,1.2357301885726792,HEALTHY
1.527635312676429,5.557200506015772,78,0.27484350573949845,2.333669648536011,WARNING
1.5219211199717402,6.90808362405218,83,0.22027828910241687,2.316243895416036,WARNING
1.4829293783274093,6.026327125038712,89,0.24603432791411414,2.1990795411065167,WARNING
1.1752419223387474,3.173699895570805,61,0.3701899269214047,1.3811935760224743,HEALTHY
0.9516104497407348,3.1289038714050377,70,0.3040382353064248,0.9055624480557636,HEALTHY
1.069504057101696,2.974368547705309,70,0.3594526324903612,1.1438389281569878,HEALTHY
1.102016094236693,3.160329654488247,75,0.3485925906752949,1.2144394719566958,HEALTHY
1.7806455131057195,8.833330587489895,94,0.20155975548699223,3.170698443343531,FAULT
2.0078256139177517,8.730878918887358,85,0.22994198987055983,4.031363695904196,FAULT
1.664060330633915,5.5942145030184225,88,0.2974077811916259,2.7690967839894545,WARNING
2.203933871479414,9.169943564403617,89,0.24031702474256095,4.857324509854239,FAULT
1.1801215577359745,2.2074820053739197,66,0.5343586929231815,1.3926868910331829,HEALTHY
1.5735825403641766,6.225402254553107,86,0.2527274140075806,2.4761620113389755,WARNING
1.1810490199638113,3.8004155360017844,79,0.3106866399578099,1.394876787557479,HEALTHY
1.0467873639484526,2.627689959152781,61,0.39821636640854713,1.0957637853221502,HEALTHY
1.4964579880142266,4.666275561432681,85,0.32062773417108226,2.2393865098915873,WARNING
0.975038239648006,3.8475208100082394,74,0.25335402555505954,0.9506995687758822,HEALTHY
1.6728225826958794,5.143822632361963,78,0.32514679362773186,2.7983353931773123,WARNING
2.201599398424013,9.869116709781062,87,0.22305707856952472,4.8470399111409765,FAULT
1.0497117968727545,2.736654124322983,79,0.3834347763460975,1.1018948564938271,HEALTHY
1.055000218659958,2.887810397469863,68,0.3652023059678718,1.1130254613725594,HEALTHY
0.9698703992084068,3.087559882845618,66,0.3140202670491288,0.9406485912606743,HEALTHY
1.1235442295766205,3.421009634103354,69,0.3283287745246267,1.2623516358149216,HEALTHY
1.0720408449878602,2.880581873757527,62,0.3720320615391503,1.1492715733222854,HEALTHY
2.490339241706692,10.783145000872274,99,0.23092597897239525,6.201789538784262,FAULT
1.6337867976336309,6.0360912312530495,79,0.27062483157050526,2.6692593001219547,WARNING
1.612168033261411,6.584791982284063,84,0.24479486105819637,2.599085767469966,WARNING
1.8087061890589355,6.503343548055036,83,0.2780766691820552,3.2714180783400977,WARNING
1.0821074901619832,4.073002809670835,69,0.26561284827621745,1.1709566202646664,HEALTHY
1.1020225259967762,3.826941200783764,71,0.287889094474894,1.2144536478043153,HEALTHY
1.0243722153444543,3.369666378560767,73,0.3039079221426384,1.049338435569705,HEALTHY
1.09182683904284,2.9705199984245687,78,0.36743041932132425,1.1920858464542798,HEALTHY
1.0904792887967627,2.401035462616197,62,0.45398134447567984,1.1891450792946934,HEALTHY
0.9404241456251947,3.0103302734280386,74,0.31229525167780237,0.8843975736748775,HEALTHY
1.1372836881731734,3.1557066283677218,79,0.3602753825626308,1.2934141873847758,HEALTHY
1.6548539649152139,6.26087430108083,89,0.2642745423090939,2.7385416451956037,WARNING
1.067956145484798,3.618839321044862,63,0.29502860507535833,1.1405303286787467,HEALTHY
1.1754967208808744,2.582584875265955,74,0.45498668618729565,1.3817925408016885,HEALTHY
1.8234095438916031,8.827231575451474,87,0.20654301241507186,3.324822364754984,FAULT
0.9478223627261534,2.5804880709951155,77,0.36716124059437766,0.8983672312837879,HEALTHY
1.4749324758188564,6.037482120062445,85,0.24425550105025462,2.1754258082251416,WARNING
1.182795808218023,3.71025779305031,73,0.3187048365200938,1.3990059239381263,HEALTHY
2.214760025521189,9.10851002100651,97,0.24312614184670278,4.905161970646617,FAULT
1.0340048121127705,2.860990602764076,73,0.3612886817707022,1.069165951472366,HEALTHY
1.6878518840446524,4.75617173273314,83,0.35480154572324635,2.8488439824730825,WARNING
1.445125958541029,4.824269371246756,80,0.2994912506133593,2.088389036049128,WARNING
1.682926454033804,5.375152680283515,85,0.3130354649721469,2.8322414496867934,WARNING
0.9886437408894055,2.8959402910968315,69,0.34127170101772725,0.9774164463997981,HEALTHY
1.0561457512848205,2.6868031103245724,69,0.39294014774664165,1.115443847956978,HEALTHY
1.5303839195957352,5.112893545578771,85,0.29926002681828057,2.3420749413572057,WARNING
1.4493935010658539,6.112398652320525,81,0.23708473526680493,2.1007415209319333,WARNING
0.9190620006960528,3.6822765840325724,71,0.24952293962400007,0.8446749611234314,HEALTHY
1.0805548361785242,3.372016658876428,74,0.3203526532651231,1.1675987539887973,HEALTHY
2.0981915708358594,9.203650150915022,86,0.22794908404283903,4.402407867926651,FAULT
2.0856753727908073,8.948994969870073,94,0.23303648547425776,4.350041760666073,FAULT
1.0395267221784201,2.786018054187147,64,0.3729888726829957,1.0806158061230102,HEALTHY
1.1872604806404996,3.508752798014173,79,0.33827467316565846,1.40958744889071,HEALTHY
2.1778685187242526,9.852534891821335,93,0.22102408350245298,4.74311128485017,FAULT
1.5677638109791625,4.795421367676822,84,0.3268611514293456,2.4578833670159073,WARNING
1.682981938008502,5.176056443724681,87,0.3250847187591536,2.8324282036628534,WARNING
1.5026693783505776,5.54362862463536,84,0.27101353040563647,2.258015260632511,WARNING
1.6787704814492377,5.701623472238847,83,0.29438564366413505,2.8182703293853053,WARNING
1.0417724669491144,3.189282261345735,77,0.3265455472612855,1.0852898728932436,HEALTHY
1.5741318856057962,6.430392637604567,89,0.24475754697385363,2.4778911932808594,WARNING
1.0994422968786897,3.2564146623290258,73,0.33751990791758674,1.2087733641658889,HEALTHY
0.9882697342066498,3.3186513278704703,61,0.2977028719581273,0.9766770675488822,HEALTHY
2.3510285146556034,9.14761995653555,93,0.2569817661926252,5.527335076723733,FAULT
1.001652914444269,3.06931840200887,61,0.32623747224030586,1.003308561014698,HEALTHY
1.1451576391139713,2.708956873945203,65,0.4225741192135027,1.3113860184210846,HEALTHY
2.0771595033024126,10.15287567761397,97,0.20456814415030522,4.314591602159526,FAULT
2.1740999917578603,8.371325666870916,93,0.2596769497823908,4.726710774161528,FAULT
1.1570492173158144,3.834549552063607,74,0.30166452071862754,1.338762891291139,HEALTHY
1.4310329180652432,4.507965931837771,78,0.31737496794125936,2.047855212586325,WARNING
1.5136362030802366,5.779178007982066,88,0.26186671085042695,2.2910945552751554,WARNING
1.6807597838019754,6.7203868725097395,86,0.25006145542317015,2.8249534508460634,WARNING
1.054731369781794,3.6504468104061525,65,0.28885300116544094,1.1124582624017794,HEALTHY
2.1679216319855215,8.218606016701198,99,0.2637500663146846,4.699884202430766,FAULT
1.7161127382212622,6.138345472031416,83,0.2795269863928062,2.9450429302852785,WARNING
1.5715300175397522,6.892468226029214,82,0.2279737812681538,2.4697065960284936,WARNING
1.029785144959923,3.356833811880348,70,0.306681391233968,1.0604574447801294,HEALTHY
1.042249133630794,2.6361954730107224,78,0.39521117956452534,1.0862832565541407,HEALTHY
0.9145634548643692,3.1606641492821,79,0.2892664785638391,0.836426312973451,HEALTHY
1.5569354702702263,6.261794650807375,85,0.24860075366985124,2.4240480585855706,WARNING
1.1711614050071666,3.509233275671011,76,0.33364204399871095,1.3716190365783605,HEALTHY
2.168286825511799,10.714402424769473,91,0.20235234660899326,4.701467757688035,FAULT
1.5626450607375153,4.999584703049077,84,0.3124924690876052,2.441859585847353,WARNING
1.004656386156312,3.4113301736841133,63,0.2944194538688609,1.0093344542446607,HEALTHY
1.0881602975516058,2.289234920760157,74,0.47513042775124226,1.1840928331675993,HEALTHY
2.391230679134118,9.783971552546863,90,0.2443778876916327,5.7179841608322155,FAULT
1.6195148173165863,6.496409497418275,85,0.2492554637290593,2.6228282435079757,WARNING
0.9504909411686973,2.922837920881637,64,0.3250833209257002,0.9034330292437559,HEALTHY
1.105415946079537,3.3830170544792324,66,0.32665791226328494,1.2219444138469178,HEALTHY
1.5787372954047076,5.330789417855436,78,0.29609895884442317,2.492411447901771,WARNING
1.014228283009287,2.96557715925175,71,0.341885017164058,1.0286590100559665,HEALTHY
2.112942468224458,9.270179300266575,89,0.22790439056266604,4.4645258740264655,FAULT
1.6656654940153892,7.126313800954811,87,0.23370171996527617,2.7744415379535305,WARNING
1.006232376209032,3.265429334235462,61,0.30805270013427366,1.0125035949312748,HEALTHY
1.183782338886948,3.5691728728837635,69,0.33157563542035495,1.4013406258606529,HEALTHY
1.1281107162769684,3.6416196545933417,66,0.30969764160098934,1.2726337881789347,HEALTHY
1.0811968468823923,3.681627207553954,65,0.2935938898905101,1.1689866217084273,HEALTHY
1.5045046710815015,5.677851783938583,85,0.2649311389560599,2.2635343053060573,WARNING
1.3542199014339003,6.748572576941921,78,0.20063787536120792,1.8339115414396425,WARNING
1.0030748736349826,3.120985909721213,76,0.3212938503378944,1.0061592021178363,HEALTHY
2.045817236132663,9.60542859627147,89,0.21296335215843937,4.185368163657489,FAULT
1.1851709598155757,3.548230486325697,71,0.33392335729723527,1.404630203990173,HEALTHY
1.1482135193978635,2.716143592523518,71,0.42258109676547223,1.318394286128028,HEALTHY
1.7507086864205244,6.051411405619627,81,0.289258044288761,3.064980904708278,WARNING
1.0946661530017379,3.2304021565649648,72,0.33875887307242086,1.198293986527624,HEALTHY
1.4688816472430724,6.113666770279535,87,0.24022268137040634,2.157613293607522,WARNING
1.1766772020307275,3.077287842851452,76,0.3822505438415267,1.3845692377788614,HEALTHY
1.0483984880524457,3.3534447883151732,72,0.3125400935810369,1.0991393897506543,HEALTHY
1.1192253521616304,3.50563843139851,60,0.3191732977486542,1.2526653889213257,HEALTHY
2.6138659079963387,9.793317839394373,86,0.26687574886358456,6.832294984985524,FAULT
1.585766265212861,6.401156529373116,89,0.2476925170350584,2.514654647887146,WARNING
1.421528679411728,5.266152338928059,79,0.26988562090858936,2.0207437863900513,WARNING
0.952374609822738,2.9125272298226883,60,0.3268802845136607,0.9070173974350125,HEALTHY
0.9617306715060902,2.338843762819007,63,0.41102345668901086,0.9249258845155551,HEALTHY
2.239802192683787,8.869492377061844,99,0.25250032326003446,5.016713862351101,FAULT
2.0730316236105746,9.86397228292346,99,0.21014064349669284,4.297460112489495,FAULT
1.2253525883795533,3.4722631758126177,69,0.3527957791718058,1.501488965848471,HEALTHY
2.263688201251231,9.999594113281495,88,0.22635537205183576,5.124284272484034,FAULT
2.0631779641008037,8.85622056677666,98,0.2329374038442446,4.256703311551137,FAULT
2.3671791131663156,9.874698232879954,93,0.23969739225982792,5.603536953810864,FAULT
1.1229899691170298,2.5609152320906365,60,0.43834001806555484,1.2611064707374675,HEALTHY
1.4719504358348008,6.117815879743265,80,0.2405613217923075,2.16663808555426,WARNING
2.252055802106414,10.397812718264028,86,0.21656855096072652,5.071755335801164,FAULT
1.0545319939917686,3.4118771017426925,72,0.3089862197069155,1.1120377263522554,HEALTHY
2.0752345211901133,10.03262129978427,99,0.20682806926694877,4.306598317939159,FAULT
1.6148135254019753,5.030500827327087,89,0.32094072540574775,2.607622721821156,WARNING
1.1415190335361731,2.393760225334761,61,0.4766736232962953,1.3030657039253588,HEALTHY
1.061893396576169,3.0651656115527843,68,0.34632617122021636,1.127617585692073,HEALTHY
0.993269889207847,3.541784250717878,66,0.28036420479361107,0.9865850728069686,HEALTHY
1.5518824056554723,5.3627609911753575,84,0.28932728512860323,2.408339000983016,WARNING
0.9913797096248004,2.91933123599037,79,0.3394750901565433,0.9828337286557535,HEALTHY
1.6064723120930053,6.238068013905841,82,0.2574859431749176,2.5807532895214464,WARNING
1.8766242603169156,9.175234598107316,91,0.20450918514049182,3.5217186144100108,FAULT
1.391965331108377,5.755087968439091,83,0.24182488849034106,1.9375674830076537,WARNING
2.036561516237464,9.010582122506962,89,0.2259937809534056,4.147582809419439,FAULT
1.1190480180936506,2.8814239275761686,66,0.38823158779238226,1.2522684667993274,HEALTHY
1.6622285793679552,5.503737653350901,82,0.30196326946772956,2.7630038500676104,WARNING
0.9389643151546768,2.895103415148167,70,0.3242164317211161,0.8816539851338913,HEALTHY
0.9545552036071812,3.183964594937379,79,0.29970669222649526,0.9111756367335471,HEALTHY
1.1373241139451198,3.413205631660456,79,0.33311529434505577,1.293506140161052,HEALTHY
2.2489191496642196,9.28334279016773,85,0.24222706986280834,5.057637341726436,FAULT
2.0161854522680165,10.439904687396076,85,0.1931044782644066,4.065003777937187,FAULT
2.110439062820699,9.020242660019758,86,0.23394105915959,4.45395303787951,FAULT
1.0429325872792725,3.5685398411945988,70,0.29217563990831935,1.0877083816090374,HEALTHY
0.97410225416631,2.335261815298948,76,0.4169490969665418,0.9488752015718864,HEALTHY
1.5538404978878921,5.3479492777922895,80,0.29049452840001877,2.4144202928764926,WARNING
1.047590762631992,3.3036872073373043,67,0.3170014881608328,1.0974464059518787,HEALTHY
1.0689569132569634,3.018071873644619,72,0.35406805733528973,1.1426688823998552,HEALTHY
1.663219548690393,9.585767492086772,99,0.17349117416931914,2.7662992671458744,FAULT
1.146033112635554,2.9372422884114417,66,0.3900403711278541,1.3133918952571366,HEALTHY
1.4208006878570805,4.732821500074118,82,0.3001382050072726,2.018674594615153,WARNING
1.4561944975265637,6.327755552791819,83,0.23009175901638182,2.1205024146266416,WARNING
1.1258806562973336,3.213941150556707,67,0.350202570924937,1.2676072522245145,HEALTHY
1.3793827199909787,6.7008001911732915,79,0.20582271638114724,1.9026966882097107,WARNING
0.9810893038114605,2.847815214071038,68,0.34438502678784,0.9625362220532563,HEALTHY
1.4799970433327183,5.82315516413622,79,0.2541136013075669,2.190391248273588,WARNING
1.0441544825274343,2.7731933654328498,61,0.3763812917793918,1.090258583382134,HEALTHY
1.7334162111695037,6.1047014537737745,89,0.28390123956979985,3.0047317611452375,WARNING
0.9836770033317435,3.280680223966619,67,0.299747975487617,0.9676204468837188,HEALTHY
1.2144965703952257,2.758716653711327,79,0.4400801686513521,1.4750019195017654,HEALTHY
1.0322997101131384,3.089274680044432,73,0.33404788149715414,1.0656426914996695,HEALTHY
1.1096949925851523,3.055922562156021,71,0.3630105015818569,1.2314229765685611,HEALTHY
2.3175125406716743,8.586354643940325,89,0.26987502400486385,5.370864376170479,FAULT
2.224499141958,10.999122335149377,91,0.20222494570355087,4.948396432571878,FAULT
1.571722587044445,5.021900831226492,88,0.3129113314906242,2.4703118906256827,WARNING
1.188391292361587,3.320076865040078,61,0.3578331187908973,1.4122738637608427,HEALTHY
1.1150151540515196,3.431164205516604,74,0.32487232174361813,1.243258793764534,HEALTHY
1.6093332096900343,6.234168171506667,88,0.25810582255733366,2.589953379811228,WARNING
1.6292012711740542,6.661148215883522,83,0.24454593599250818,2.654296781995154,WARNING
1.640400994532544,6.028695030929667,86,0.27205372512507064,2.6909154228633594,WARNING
1.5333852819219471,5.065421058226381,85,0.3026565033382252,2.3512704228148493,WARNING
1.033278139417118,2.85979181831628,69,0.3611860649214434,1.067663713397301,HEALTHY
1.681988594110146,5.285136673139084,84,0.3181886315306572,2.8290856307166257,WARNING
1.4315501875654373,6.692048281479864,86,0.21388612891477823,2.0493359395186386,WARNING
1.3760172121422913,5.1362150912629945,80,0.26785275440043815,1.8934233681118435,WARNING
2.1963025478591143,6.048389483095322,94,0.3630618517780278,4.823744881732437,FAULT
1.1881571080986724,3.040145525754159,62,0.3906939335972839,1.4117173135254002,HEALTHY
1.0184814909358064,3.0352695382724324,72,0.33543843130452083,1.0373045473788232,HEALTHY
1.0058513483286042,4.223279714267301,73,0.2381119188039063,1.0117369349344711,HEALTHY
1.5236311635916548,5.609906943224921,81,0.27154810782086036,2.32145192266766,WARNING
1.7457115017515528,6.373864209008573,79,0.273842931318383,3.047508647347662,WARNING
1.430918859215018,6.031530629850595,85,0.23720042997120377,2.0475287816572085,WARNING
1.1057109957965372,3.5821220834282044,63,0.30858870282718137,1.2225968062253698,HEALTHY
1.4129973063039794,5.6838043244321685,84,0.24855689407482248,1.9965613876223016,WARNING
1.4733987367828398,5.013176364947408,78,0.29384661199452916,2.170903837553268,WARNING
1.5727817403454958,6.146054839715843,78,0.255859396305337,2.4736424027642063,WARNING
1.3906740925092065,5.790508173842759,83,0.24012296119863227,1.933974431576305,WARNING
2.3200187978633617,10.27571586240098,94,0.22575488404340574,5.382487222439358,FAULT
1.491338069385647,5.128229540026593,79,0.29075284265361906,2.224089237198909,WARNING
1.1074392247932938,3.8702189574177943,72,0.2860699012313127,1.2264216366107716,HEALTHY
1.4799905172958245,5.019458946091524,82,0.29479187723425393,2.1903719312855623,WARNING
1.1055084610406338,3.1588657919102405,63,0.34985930854117653,1.2221489574324307,HEALTHY
1.0664549099968548,3.0486183792614163,77,0.3497011026852279,1.1373260750563996,HEALTHY
2.0951543285890937,8.400687242349862,88,0.2493730447413205,4.389671660605616,FAULT
1.5379815108224058,5.6777957498938205,89,0.27082881275509196,2.36538712763157,WARNING
1.120906415684927,2.922935376867959,69,0.38335539990135215,1.2564311927236307,HEALTHY
1.0256935321611027,3.8272419178872843,72,0.26792808661558115,1.052047221917119,HEALTHY
1.0639132867067012,3.1322996463774775,70,0.33955044418963576,1.1319114816310554,HEALTHY
0.8560607791781647,3.55361815854442,66,0.24083058742059454,0.7328400576471265,HEALTHY
1.1129575652443997,2.8435467965594055,70,0.39126006525558554,1.2386745420347423,HEALTHY
2.290481313830213,9.496749894959116,94,0.24116041579973327,5.2463046490053795,FAULT
2.2584927723000474,10.654356868572712,89,0.2119584355697486,5.100789602531554,FAULT
2.3088529359243655,8.145710576830751,94,0.28340922561932474,5.330801879726562,FAULT
0.9484248010341515,2.770612928904219,71,0.342192371504458,0.8995096032166698,HEALTHY
0.9912326738561561,2.875899025194248,66,0.34454899708870673,0.9825422137200247,HEALTHY
1.5949323591145488,5.821088728854705,79,0.27394504505057526,2.5438092301507,WARNING
1.1650833987609832,3.283927251484017,76,0.3546755558238432,1.3574193260684442,HEALTHY
1.5400822657954174,5.302589848204982,78,0.2903848732414071,2.3718533854175465,WARNING
1.0823405756010762,2.8463938181763178,61,0.38011622020528496,1.171461121592469,HEALTHY
1.0401457428151961,3.6477051779101055,66,0.2850725646764828,1.0819031662965761,HEALTHY
1.552495244921049,5.363198235262519,89,0.2894179478147252,2.4102414855024676,WARNING
0.8793493571943591,3.185386660032556,79,0.2759707000484915,0.7732552919981326,HEALTHY
1.6454525903203145,6.285371739423397,85,0.26174917082953797,2.707514226991833,WARNING
0.9720771021505699,3.383798922428277,73,0.28718902494012716,0.9449338925254495,HEALTHY
1.0753977547784872,3.1872326021426556,76,0.337302163604928,1.1564803309826113,HEALTHY
1.0451165259624005,2.9056566202708662,67,0.35955968058759136,1.092268552839717,HEALTHY
1.151166270187077,3.0147340534114138,66,0.3817200886413946,1.3251837816164265,HEALTHY
1.4988370884553348,6.489067425518053,80,0.23094322295668507,2.246512617729265,WARNING
1.0078171244607823,2.9950681302310787,67,0.33637990881837926,1.0156953563564,HEALTHY
1.079005665202119,3.74736878178907,67,0.287860060740106,1.1642532255382672,HEALTHY
1.6418468257004522,5.684907125076016,85,0.28875723601948594,2.695660999062651,WARNING
1.7923805469985106,4.701765320854511,79,0.38113331725275795,3.21262802525868,WARNING
1.0232179734314768,3.0385406147032015,67,0.3366357299132158,1.0469750211532183,HEALTHY
1.9589754841301292,9.823599065593461,88,0.19939495454736872,3.837584947422874,FAULT
1.5908141247685574,5.474519159976282,84,0.2905321081509006,2.5306895795631514,WARNING
2.2030112089680625,9.354973177171134,89,0.23546574656108235,4.853258386838924,FAULT
1.5967864183366876,5.33657812941142,80,0.2991593527292811,2.549726865784507,WARNING
1.6195559807856292,5.9954777899493,82,0.2700845458812785,2.6229615748985013,WARNING
1.8982536701473978,8.39084171065037,90,0.22620227306459556,3.6033669962280657,FAULT
1.4292148921664432,6.483927136677427,88,0.22039027764600388,2.0426552079903377,WARNING
1.8844126972463096,10.483178597056257,92,0.17973870626120525,3.5510112135431116,FAULT
1.0101310086246043,3.5970754155651172,75,0.28074203343677057,1.0203646545849603,HEALTHY
1.4821658268321103,5.55357480453855,86,0.2668369549404677,2.196815538228913,WARNING
1.6036831162628733,5.071643571608461,84,0.316143465162558,2.5717995373866005,WARNING
1.6697973077777553,5.541027812369171,88,0.3012971721381403,2.7882230490618394,WARNING
2.0521810428162186,9.697309645680843,87,0.21160193041786005,4.211447032494262,FAULT
1.5017519906579995,6.114558806585901,85,0.24556251328018447,2.2552590414452642,WARNING
1.0320595872993945,2.962329300508017,74,0.34827705011470167,1.0651469917365965,HEALTHY
1.1322946088557113,2.6733004612711775,73,0.42339842708530095,1.2820910812437083,HEALTHY
2.2866837009246845,8.805865423225114,96,0.2596478532412149,5.2289223480746125,FAULT
1.5991782388314215,5.6552454072288745,88,0.28272787400412597,2.557371039551967,WARNING
1.0196536064129338,2.744532824611635,73,0.37138641988633564,1.039693477070902,HEALTHY
1.06126627412222,3.640239042704524,62,0.2914574576608863,1.1262861045892592,HEALTHY
1.0421821557543265,3.7646837503725825,76,0.27675774835080386,1.0861436457727351,HEALTHY
1.0765584264455212,3.2761998719116265,75,0.3284994716594911,1.1589780455508567,HEALTHY
1.65120971712752,6.097127771874467,84,0.2707732239955944,2.7264935299363446,WARNING
1.7950095092675422,6.365387326160721,86,0.28195103711197395,3.2220591383609025,WARNING
1.0793829850721073,3.935273470718049,67,0.2742144297396105,1.165067628463173,HEALTHY
1.0568672317381202,2.9679887990046243,79,0.35596875006481765,1.1169683455217976,HEALTHY
0.9214898395512656,3.5116936137254435,73,0.26233140173417085,0.8491435243962172,HEALTHY
1.6013975554968196,6.339481428212495,83,0.25256718651856136,2.5644741307511896,WARNING
2.2968609351122993,8.750668688079607,98,0.262448341793467,5.275570155244946,FAULT
1.118188108551558,2.9261927151132126,64,0.38200016786674423,1.2503446461061107,HEALTHY
1.0449421234813634,2.591388938643075,68,0.4030807676676455,1.0919040414257408,HEALTHY
2.345039525956486,9.901094169939846,92,0.23682258375964646,5.49921037829822,FAULT
1.9259154680176764,9.290062284629817,87,0.20728689669896133,3.7091503899497456,FAULT
2.571040480241602,8.286945572936288,87,0.3102144503261649,6.610249151040968,FAULT
1.0963927173977537,3.6798634703434274,66,0.29786291347977095,1.2020769907628306,HEALTHY
1.1081855877616573,2.9303118374752546,62,0.37805107378686126,1.2280752969226498,HEALTHY
1.5647845768141384,6.13089122562428,84,0.25518792151353425,2.4485507718354023,WARNING
2.0252789130141586,7.851237077876721,90,0.25792381112896845,4.101754675499812,FAULT
1.014832903117458,2.3168996334469725,67,0.4378243511813709,1.029885821249808,HEALTHY
0.8498557710889709,2.58669015851635,72,0.32842253864590765,0.7222548316532293,HEALTHY
1.0861626675668616,2.7039758830117666,72,0.40154245898766,1.1797493404159607,HEALTHY
1.1270135135668427,4.145487147718681,76,0.27179959165842443,1.2701594597622798,HEALTHY
1.025263273836011,2.899137437763767,76,0.3535223056968532,1.0511647806769353,HEALTHY
1.0093235727976206,3.1539308288920234,68,0.3199193984078833,1.0187340746049538,HEALTHY
1.0670557302590151,2.8992122673044727,78,0.3679233214370073,1.1386079314786,HEALTHY
2.0628339318156974,9.46929406054889,95,0.2178215289437525,4.255283830250209,FAULT
1.1106484958813978,3.1651137606337403,72,0.3507923529756829,1.2335400814036113,HEALTHY
0.9057488258995244,2.566345622797804,67,0.3527958284449722,0.820380935618367,HEALTHY
1.6509791245365029,5.100734397867988,78,0.3236113438650287,2.7257320696553173,WARNING
2.178973532931511,8.785227134843081,86,0.24799877120072047,4.74792565721603,FAULT
1.1361097596192944,3.4369407684432693,63,0.33046228429750846,1.2907453859022109,HEALTHY
1.0331095808937845,2.8051281891395266,79,0.36816193390316143,1.067315406134531,HEALTHY
1.8151111472344608,8.50381053768334,93,0.21342170283418055,3.2946284768148004,FAULT
2.3952810287740767,10.557096385463959,86,0.2268667514791607,5.737371206804999,FAULT
2.161115111999632,11.946833281448644,87,0.18087924907315098,4.670418527313181,FAULT
2.340627326782649,9.687124165201825,88,0.24159757728847076,5.47853628288169,FAULT
1.5751894507570243,6.811983511482606,80,0.23120406032132604,2.481221805776216,WARNING
1.3463483138016499,5.412658342810914,78,0.24869473257202082,1.8126537820765458,WARNING
1.1138603257140356,3.121655671964865,76,0.35670289738130573,1.2406848251997775,HEALTHY
1.1568644533193195,3.1436662548776573,65,0.36788147280332845,1.338335363353808,HEALTHY
2.0207545380312393,11.175310892609513,87,0.18080693687283617,4.083448902973847,FAULT
1.1394412523660913,3.2525833603124883,71,0.3502111752429956,1.2983263675936065,HEALTHY
1.5846432355135829,5.956193103262732,86,0.2660050141140598,2.5110941838589564,WARNING
1.113479097644177,2.500587210704728,63,0.44510904632043446,1.2398357008904908,HEALTHY
1.1617663600586654,4.434862060079363,64,0.26190317560007265,1.3497010753639607,HEALTHY
1.531464137735843,6.0583436032564295,87,0.25274423073033836,2.3453824051709886,WARNING
1.3804797898194767,6.527989845511385,88,0.21143849546167431,1.9057244501000266,WARNING
1.1388241889586213,2.7266375246933876,64,0.41751302313771915,1.2969205333572615,HEALTHY
1.582624779532402,6.49486650881458,83,0.24363566852626295,2.504701192789984,WARNING
0.9852317184062683,3.3696244177856363,64,0.2922994662969675,0.9706815389537684,HEALTHY
1.0522361164195568,3.3672748313870997,72,0.31239615800181963,1.107200844697711,HEALTHY
0.9621483617575323,3.0552754643069733,77,0.3148107469349804,0.9257294700327032,HEALTHY
1.046754253860386,2.7285347642115,69,0.38349181977272573,1.0956944679748135,HEALTHY
2.289390880902147,9.06618051024399,88,0.25249203744379206,5.241310605557908,FAULT
1.977590023719101,9.494999883497037,95,0.20825505981270354,3.9108623019133146,FAULT
1.842066696145336,7.913722970049706,90,0.23273925102823495,3.393209713047794,FAULT
1.5719960254525993,5.0918242362460635,79,0.3086688156768831,2.4711715040387694,WARNING
1.1025184969468074,3.003691148070848,62,0.36693238759487,1.2155470361098473,HEALTHY
0.986977299847341,2.9516609606995536,76,0.33426706045298993,0.9741241904139479,HEALTHY
1.4162377566488025,6.247755824479955,88,0.22664315848293962,2.005729383357633,WARNING
1.665370602244105,4.705165571859556,85,0.35386995566032836,2.7734592428188933,WARNING
2.2148799943575823,9.042088909618839,88,0.24492515958807912,4.905693389405444,FAULT
1.1380767707998858,3.9833389816882376,78,0.28563753637188316,1.2952187362342957,HEALTHY
1.0127751634575959,3.1576206582783457,76,0.32063842829725064,1.02571353171656,HEALTHY
1.7497328304737851,6.737143854859664,83,0.2596757902715075,3.061564978037804,WARNING
1.5065884317395823,5.968072833381669,78,0.25239906997181877,2.269808702651534,WARNING
1.4871746742455771,5.777585895254837,83,0.25735962071045626,2.2116885117174383,WARNING
1.0801680315121749,3.188294874526009,71,0.3386855320716335,1.1667629763008869,HEALTHY
1.3190225986444801,5.752829416875109,81,0.22924256231441045,1.7398206157348373,WARNING
1.101182986543643,2.9098924088155718,74,0.3782973850935663,1.2126039698531772,HEALTHY
1.523380786249245,6.204640744896591,78,0.24548323837502942,2.320689019913368,WARNING
2.1390211998767428,9.685554074857658,87,0.220823750463415,4.57541169352214,FAULT
1.7036881350272475,6.02910343650459,80,0.28253049934659286,2.9025532614326206,WARNING
1.1432644815366708,3.1182180081259103,67,0.36652278826242335,1.3070536747433128,HEALTHY
1.0391796539685048,3.6014266240733144,72,0.2884665705677829,1.0798943532221013,HEALTHY
2.2945392019045237,8.537647626936556,86,0.2687239598301288,5.264910149076648,FAULT
1.1399290175988812,3.5790105848491436,69,0.31841498525818357,1.2994381651639504,HEALTHY
0.9722674612366972,2.648152734084428,61,0.3670107233634915,0.9453040161796524,HEALTHY
1.066931278200692,3.89036310814095,74,0.27417931674600393,1.138342352402962,HEALTHY
2.1252543327465654,9.043528362631669,89,0.23497680006480562,4.516705978858049,FAULT
1.60056557733177,5.443695902652016,82,0.2939678553125735,2.5618101673393823,WARNING
2.1861166413216724,9.545238716781666,87,0.22900293049225992,4.77910596946355,FAULT
1.5468174488901127,5.2708752092633695,81,0.29340934439649735,2.3926442201909164,WARNING
1.0347161848042377,2.980624131269204,62,0.3470310606735613,1.0706375830958372,HEALTHY
1.7570140798710288,6.20323631145626,80,0.2831958667703651,3.087098476865038,WARNING
1.4944077253207002,5.668333713013082,84,0.2635949480078263,2.2332544494981894,WARNING
2.1227105073291654,7.782166094441679,86,0.27273097882943703,4.505899897925643,FAULT
0.9213952108504821,2.8949100885735146,61,0.3181712078997414,0.8489691345782044,HEALTHY
1.11635798735454,3.1224695444908788,66,0.3574095957886168,1.2462551559302792,HEALTHY
1.100833442416738,2.704296642058611,72,0.40691783122868647,1.2118342679430858,HEALTHY
1.713279031500638,5.014707760528532,83,0.3415827064294712,2.9353250397797646,WARNING
1.1042355027962139,3.3624340788064937,69,0.3283059744664445,1.2193360456356073,HEALTHY
1.4721303342473002,5.913455496303431,79,0.24890378077362998,2.167167721011068,WARNING
1.1174698097725648,3.4237796303980153,74,0.326289551553627,1.2487387757531323,HEALTHY
1.4113249421997367,5.839160917205532,84,0.24165857109208624,1.99183809247509,WARNING
1.4152327327826537,5.605465108601026,79,0.2524287060328812,2.002883687939458,WARNING
1.0080729281652328,3.260941948813489,71,0.30904073217241435,1.0162110284996264,HEALTHY
1.1065453943450987,3.5721024624967805,65,0.3096875631077976,1.22444270974635,HEALTHY
1.9565863513055857,11.83776958805973,90,0.1652694004011149,3.8282301501153047,FAULT
0.9813240047700251,3.6502351084161377,70,0.26876494545860996,0.9629968023378803,HEALTHY
2.1869801633857953,8.347034921599693,86,0.26197544499091713,4.78288223504296,FAULT
1.071004906320154,3.277435964547018,72,0.32668166098163676,1.147051509361842,HEALTHY
1.0982628826939038,3.132146352361938,78,0.35053034846775444,1.2061813595031234,HEALTHY
1.0447561914575196,3.9926767225600117,60,0.26160259431009075,1.0915154995888214,HEALTHY
2.2423024810031618,10.30348070854068,99,0.21760460759023698,5.027920416312934,FAULT
1.1272317987672937,3.6944522887224873,60,0.30503216134255007,1.2706515281521487,HEALTHY
1.0805803951315935,2.8784091705437054,68,0.3752785141430777,1.1676539903427507,HEALTHY
1.0992616919816913,3.6815537748675267,69,0.2985052654176748,1.2083762674584508,HEALTHY
0.855982857770192,3.187931333348346,68,0.2684231073961127,0.7327066527964248,HEALTHY
1.0730500989382163,2.8664659266240795,62,0.3742154663373936,1.151436514831316,HEALTHY
1.1488097457558823,3.071963207622244,61,0.3738442890908521,1.319763831943695,HEALTHY
1.0203527581542038,4.041522436850964,60,0.25240497092924885,1.0411197510728911,HEALTHY
1.6307463459580942,5.701350135723171,81,0.2859779401727816,2.659333644855676,WARNING
1.679021112280215,4.978777273864199,82,0.33716791333065604,2.81911189548269,WARNING
1.846064445297499,5.204585028105692,82,0.35463150353520984,3.407953936191563,WARNING
1.0064708798308646,3.1348828375710824,69,0.32095296028675385,1.0129836319475147,HEALTHY
1.5858052943121415,5.41905584815455,82,0.2925809878605005,2.5147784314684176,WARNING
2.2506569337633295,10.213073631629499,98,0.22034861064578717,5.065456633496952,FAULT
0.8450133072963752,3.1235888949599326,76,0.27043983567227364,0.7140474895079583,HEALTHY
2.332804391843641,8.451555127243864,93,0.27598807185825497,5.441976330604979,FAULT
2.5535815927666476,9.616316881568501,88,0.2655191280699675,6.520778950916649,FAULT
0.9807306850296753,2.912302664814814,71,0.33663879035788963,0.9618326765587762,HEALTHY
1.0309843900248288,3.2768939056780924,65,0.3145264672047251,1.0629288124748684,HEALTHY
0.953498295257376,2.6878926362548246,66,0.35460630982479047,0.9091589990587221,HEALTHY
1.1290935335486403,2.6594216940432114,66,0.4244039717751231,1.2748522075013544,HEALTHY
2.2539729704024536,11.343603048183171,92,0.19868240085874364,5.08039415130486,FAULT
1.5232157294438233,6.693918063161249,83,0.22751820337059983,2.320186158425079,WARNING
1.0738315933182951,3.4265123518869482,61,0.31329765820599265,1.1531142908085084,HEALTHY
1.4651771439127765,5.77437772316603,89,0.25369373470339435,2.1467440630444012,WARNING
1.0929672666448915,3.2206505506844834,68,0.3392569272954436,1.1945774459572054,HEALTHY
1.1114674359588916,3.779144574430698,69,0.2940277584823015,1.235359861197033,HEALTHY
1.122275922887288,3.2242435342699736,70,0.34796625772984074,1.259503247092514,HEALTHY
1.101081428847559,3.1052925588143765,74,0.35446803802273685,1.2123803129529822,HEALTHY
1.1391613027374767,3.6455794532862646,77,0.31239174062445696,1.297688473654545,HEALTHY
0.9831885678695982,4.03581548867791,60,0.243555488386119,0.9666597599894715,HEALTHY
1.828467794576388,9.584740578895724,97,0.19074872510132412,3.3432944758030407,FAULT
2.1715390011293563,9.811786291045868,98,0.22129688110204518,4.715581633425883,FAULT
2.587529974910004,7.505526931163036,97,0.34470401540397866,6.695311371057765,FAULT
1.1369756147516243,3.2727356148820244,67,0.3473022102282983,1.292713548539834,HEALTHY
1.0156604463761072,3.435421307908288,65,0.29555760349836985,1.0315661423329132,HEALTHY
1.0476452215272407,4.111333211664654,71,0.2547568904571229,1.0975605101888612,HEALTHY
1.2119447698629482,2.654730398162876,65,0.4563508293994456,1.4688101251981545,HEALTHY
1.6011064647431643,5.811488666449451,84,0.2754597138373772,2.563541911442354,WARNING
1.0826125002899958,3.4115072423166297,63,0.3172484110407481,1.172049825784156,HEALTHY
1.161397773035406,3.6701132431296197,79,0.31636119512491956,1.3488447872116003,HEALTHY
1.5492378131872557,6.737353079170253,86,0.22991342171966234,2.40013780180923,WARNING
2.0401706045908563,10.669678839602135,96,0.19119407820795456,4.16229609583662,FAULT
0.9499673812824226,3.441806130542147,67,0.2759282240306773,0.9024380255005837,HEALTHY
2.0559915704480995,9.66587822965205,89,0.21268412838196094,4.227101337753643,FAULT
1.120708896276246,3.1128905670432454,72,0.35990632045248805,1.2559884301927213,HEALTHY
0.9893606221985062,2.573460106814363,61,0.38429829212725347,0.9788344407570153,HEALTHY
1.8811771059273625,7.79673953318405,89,0.24124646609723593,3.5388273038652476,FAULT
1.0432349600684954,2.9310886911249607,73,0.3557992509661211,1.088339181909115,HEALTHY
1.3291605156518993,6.766102917627164,78,0.19641499942163726,1.766667676368023,WARNING
1.0511418454269148,2.818424232241342,70,0.3728214553193701,1.1048991792075,HEALTHY
1.6029705799389111,5.281029609021504,86,0.3034762579144007,2.569514680149689,WARNING
1.8419504735937846,11.383386234851711,87,0.16179620364204705,3.3927815471723672,FAULT
1.1240995457219913,3.010571506491477,72,0.3732601212685742,1.2635997886923873,HEALTHY
1.0348703687378373,3.568660044769784,63,0.28990726168843867,1.0709566800915875,HEALTHY
2.172503142317623,10.383152210919858,97,0.20921333761200486,4.719769903379945,FAULT
1.4839134565165386,5.184268216752983,84,0.2861787268250061,2.201999146430861,WARNING
0.9395112195268203,3.7540595700849297,74,0.2501987523744053,0.8826813316167731,HEALTHY
1.9693313027406003,9.310774547083335,95,0.2114882928901496,3.87826577995399,FAULT
2.397156438364431,8.328946320350951,92,0.28777573662244627,5.746358989992043,FAULT
1.0550543382045214,3.7241538808679886,76,0.28322436386404687,1.1131396565641807,HEALTHY
1.4812553492554703,4.8000338253100505,82,0.30852841349431875,2.194117409697945,WARNING
1.1835383003712243,4.173763453295073,65,0.28349829004972166,1.4007629084456064,HEALTHY
0.9630203248909759,2.765669948445926,62,0.34807922261631413,0.9274081461531207,HEALTHY
2.3713980825957006,8.492739953238878,88,0.2791936291493627,5.623528866138566,FAULT
1.5197923181608994,6.480174083115429,79,0.23449336473158763,2.3097686903408805,WARNING
2.035865730277335,10.134218218708197,87,0.20087043873603147,4.144749271717666,FAULT
1.1126712407426076,3.099384445582202,63,0.35888170008337983,1.2380372899756937,HEALTHY
2.0304979610616716,10.822369861698508,89,0.18760312056295433,4.122921969875605,FAULT
0.9468011059339829,2.4802144274098445,69,0.38158778035252466,0.8964323341978132,HEALTHY
1.607636558361596,5.4583697799111235,86,0.2944729196174302,2.584495303780717,WARNING
1.024018122137666,4.120158257074069,76,0.24847823312291245,1.048613114466352,HEALTHY
1.6762337141267503,5.201163623611352,82,0.3222185681585896,2.8097594643751598,WARNING
1.6355673417111924,6.376083103887847,80,0.256475776631177,2.6750805292722166,WARNING
1.1365553647792679,3.5982129876332323,65,0.3157788574014463,1.2917580972085347,HEALTHY
2.367492834806299,10.324161823855903,98,0.22929353313730105,5.605022322859166,FAULT
1.0205419779807128,3.0161077074503093,79,0.33825175530215,1.0415059288207857,HEALTHY
2.2379002461240454,10.178936503512114,96,0.21983440126094717,5.008197511602063,FAULT
1.7460961992186643,4.5139796055175845,78,0.38673401693439025,3.0488519369258653,WARNING
1.0863346533751872,2.9861067009761637,63,0.3636745393193291,1.1801229791237882,HEALTHY
1.0451768806886712,3.3819180678569523,63,0.30895719604311356,1.0923947119261008,HEALTHY
1.7758750680601025,5.805958611839962,78,0.3058184476189005,3.1537322573574738,WARNING
2.151412631725635,8.739678860526553,95,0.24613793345520882,4.628576311948623,FAULT
1.0836436087382497,3.078817784806273,79,0.35185315640561937,1.1742834707592569,HEALTHY
1.3713019859886084,6.408951389473095,83,0.21393328945374904,1.8804691367763016,WARNING
1.4720729967507507,6.263256873385173,85,0.2349956310069465,2.1669989077627356,WARNING
1.8809030327495555,10.082059508576801,92,0.1865409036959101,3.5377962186064753,FAULT
0.9079011813681345,3.3634611245922685,70,0.26985040033065055,0.8242845551296542,HEALTHY
1.1041048047998063,3.145058330437543,64,0.3509486121467593,1.2190474199820185,HEALTHY
1.4677752562568713,5.709066726994012,88,0.2570504560512486,2.154364202879924,WARNING
1.0303320016817603,2.9543053525805214,64,0.34863808600424057,1.061584033689543,HEALTHY
1.0097535568716276,2.6999726043174426,60,0.37384812983943627,1.0196022456149032,HEALTHY
1.6840878579082954,6.669099537935756,84,0.25248316735457327,2.836151913154151,WARNING
1.016922787110138,3.3041122026331546,77,0.307681774403896,1.0341319549438512,HEALTHY
2.230982819791826,9.357664341801764,86,0.2383868828190401,4.977284342206287,FAULT
2.1039198571588464,8.475766855731695,89,0.24819838659786295,4.426478765347301,FAULT
0.9422590072988989,3.3497922585633786,76,0.2812048418969679,0.8878520368359064,HEALTHY
0.983718765109,2.934886208482254,62,0.3350670616139264,0.967702608827576,HEALTHY
1.1258757079889228,2.68561809051407,70,0.4190680141565981,1.267596109839558,HEALTHY
1.5360044081119526,5.3661473622184825,81,0.2861863676269647,2.35930954173935,WARNING
1.7298299086414242,6.548654100445729,82,0.2641101166737496,2.9923115128303976,WARNING
1.1451929117792934,3.6054702962175456,75,0.3175384289121605,1.3114668051895364,HEALTHY
1.3522642269939158,5.901665098515812,79,0.22909384226015703,1.8286185396074526,WARNING
2.2602952550479047,9.740589216400497,95,0.23202530971461766,5.108934639992072,FAULT
1.3766579195597273,6.658207959308757,89,0.20672997869593907,1.8951870274865166,WARNING
1.6245462256326857,5.7022722535243355,86,0.2848445863037308,2.639150439217405,WARNING
1.0412184396947086,3.3989941029222632,72,0.3062412487126937,1.0841358391602836,HEALTHY
1.4502320639279056,6.218551960208307,83,0.2331730763254744,2.103173039244593,WARNING
1.048115827930061,3.130258296838866,62,0.33472672279644805,1.0985467887575173,HEALTHY
2.2021778129364193,9.697127352119404,95,0.2270724783228549,4.849587119789431,FAULT
1.5518969052934208,5.747946549670633,78,0.2699445701721355,2.408384004659297,WARNING
1.6963404282454695,6.421721099279033,85,0.26411553639405083,2.8775708485000226,WARNING
1.4332261567734417,4.673534268858335,87,0.30660298424199584,2.05413721645957,WARNING
1.3437498928565403,6.564993471580026,84,0.204652943788746,1.8056637745519637,WARNING
2.2499370220605868,9.872002270919275,95,0.22788782584277634,5.062216603238861,FAULT
1.0120656674736284,3.7303858697140937,65,0.27123050330658377,1.024276915278841,HEALTHY
1.5685204024477293,6.827162317490218,80,0.2297134030381779,2.4602562528947867,WARNING
1.3848749283452775,5.59623901930698,88,0.24742108092370607,1.9178785671593375,WARNING
1.455681676083802,4.971373238107735,83,0.29275390369484205,2.119009142086147,WARNING
2.3498659422479506,9.162923009114422,95,0.25642576218839663,5.521869946536849,FAULT
1.3561560258467928,4.578681494309276,89,0.2961245290817616,1.839159166440567,WARNING
1.0182851336454868,3.7586513918029247,70,0.2708456257049866,1.0369046134034068,HEALTHY
1.5975956005519225,5.011683125213573,84,0.318710670641854,2.552311702902858,WARNING
1.1134535493434479,3.19338569990095,74,0.3485657819523714,1.239778806545522,HEALTHY
1.1089833053237643,3.1365533291794714,75,0.35345480665145673,1.2298439714868215,HEALTHY
1.6527271068196447,6.37467384108212,81,0.2592239107606441,2.7315068896164334,WARNING
1.0416700676620383,3.5119021985155285,69,0.296526919565886,1.0850765298630354,HEALTHY
1.3878710760550375,5.006525225953858,81,0.2771570812787406,1.9261861237501676,WARNING
2.0514500894440095,9.969414266901035,91,0.20575374648716913,4.208447469479835,FAULT
1.9208923564002158,8.036627375278842,94,0.2389874855741961,3.689827444876774,FAULT
0.9909171659599052,2.7631816802196165,68,0.3584848177856298,0.9819168297940103,HEALTHY
1.0120241784290354,3.6132474061599362,68,0.28000965753041523,1.024192937724964,HEALTHY
2.3343603003954505,9.882687887209213,91,0.23618312587717571,5.449238012062338,FAULT
1.0329753390814718,3.185050456080555,68,0.32421813568898306,1.0670380511504816,HEALTHY
0.9709752932329585,3.413911418322004,73,0.2843339619362864,0.9427930200688297,HEALTHY
0.8291150427075209,3.0333189599062664,67,0.2732458431901745,0.6874317540438942,HEALTHY
2.4423476267069786,9.561051478596589,98,0.2554208824512038,5.965061929681211,FAULT
0.9932336116200662,2.6965980357298664,78,0.3681918501068805,0.9865130072518404,HEALTHY
1.244137318907642,3.3731839301442785,73,0.3687224361993933,1.5478776682986954,HEALTHY
0.9847712087781905,2.840355560629109,74,0.3465849971131915,0.9697743336384584,HEALTHY
1.5810226297663548,5.822940061129742,86,0.2714695915774353,2.49963255583332,WARNING
1.1573360610353594,2.26773809458124,69,0.5101232547730365,1.339426758172841,HEALTHY
0.9894151589057631,3.4592353458641636,61,0.28593868913811277,0.9789423566725165,HEALTHY
1.0762256938274468,3.569708055815132,75,0.3014040008324799,1.1582617440543692,HEALTHY
2.1415597211375914,11.331439151127057,97,0.1889760617796571,4.586278039198918,FAULT
1.084679177395882,2.8775729765000784,66,0.37681142227448144,1.176528917876207,HEALTHY
1.1099271875402457,3.6435153529901463,76,0.304547266244771,1.2319383616409996,HEALTHY
2.2574631315088407,10.7343503259493,95,0.210283135898429,5.096139790121701,FAULT
1.259663447282398,2.755213189690335,70,0.45702685554012723,1.5867520004193747,HEALTHY
1.5836763685388164,6.85517229051708,78,0.23098549765577409,2.508030840268293,WARNING
1.0286477156670988,3.3346996195523153,71,0.30837540335995656,1.0581161229471405,HEALTHY
1.0308869726412777,3.7720622546239513,78,0.2732228898099702,1.0627279503614984,HEALTHY
2.066999683532976,6.87028378939454,95,0.3008171030169471,4.272487691725423,FAULT
1.1489950507747313,3.017079337965284,78,0.38070405781623884,1.3201896267048274,HEALTHY
0.9429472745101503,3.1651205404947405,67,0.2978241865557035,0.8891495625061206,HEALTHY
2.188307859888966,8.840257526404518,97,0.24751092854761433,4.788691289651825,FAULT
1.0734121109920478,3.2031987598469067,79,0.33500172475047535,1.1522135600244043,HEALTHY
1.774689458791625,10.019711445966136,87,0.17710214173525884,3.149522675146111,FAULT
1.1063627839282009,3.7959060560274267,63,0.29138534575326064,1.224038609661359,HEALTHY
1.1217652957509707,3.709950016511489,70,0.30228520749667653,1.2583573787512627,HEALTHY
2.372023521333263,8.995395854886857,85,0.26366375597454134,5.626495585758254,FAULT
0.9889500489385874,3.299571638126664,74,0.299629930014152,0.9780221992956344,HEALTHY
0.9171613865844941,3.9278557408244765,64,0.23344236772410135,0.8411850090415918,HEALTHY
1.7106036477735662,5.1222098622397105,81,0.3338929487119902,2.926164839776231,WARNING
1.135939778715573,3.810474526944665,66,0.29803158087118564,1.2903591808683847,HEALTHY
1.4121014138912242,4.834113127781988,87,0.2920513701690776,1.9940304031135945,WARNING
2.2582815137745174,10.841716760950053,94,0.2082763539399736,5.099835395455726,FAULT
2.5229250113646158,10.509929595880337,94,0.24002872327804892,6.365150612969146,FAULT
1.1812426856713896,2.9377684010681686,75,0.40195160845000155,1.3953342824521573,HEALTHY
0.962829357012609,2.8860952367489188,61,0.33349414482662704,0.927040370725314,HEALTHY
1.0512494667159682,3.560910869514659,74,0.2951363762954602,1.1051254412706075,HEALTHY
1.4251649926126868,5.944254926103271,80,0.23971469858346173,2.0310952561687197,WARNING
2.37166753732743,9.996782779674977,98,0.2372193504892824,5.624806907612757,FAULT
1.5617972230685724,5.768303197255138,78,0.2707081201438033,2.439210565984704,WARNING
1.5324756073109842,6.574226050754936,88,0.2330681250319953,2.34848148700317,WARNING
1.6517809055200001,5.060486011138894,81,0.32634307432341,2.7283801598404716,WARNING
1.1091444672665838,3.5265356623753377,60,0.31442473540287863,1.230201449268074,HEALTHY
1.0779720037839755,2.574078891455178,73,0.4186170790188153,1.1620236409420392,HEALTHY
1.6314971330525836,5.6187727003060814,88,0.2903137226464202,2.6617828951587996,WARNING
1.4972625751779427,6.779712512363975,83,0.22081198287758533,2.2417952190284844,WARNING
1.1095101299611712,3.4359793938219774,65,0.32281547336464467,1.231012728486455,HEALTHY
1.1105430943989587,3.444987517605441,69,0.3222713630636296,1.2333059645172144,HEALTHY
1.245956783916648,2.7294786972306926,75,0.4563144129929756,1.552408307387917,HEALTHY
1.1471837645515508,2.9609725456932137,70,0.38730398302293056,1.3160305896506679,HEALTHY
1.0311011094801668,2.9887864645746784,65,0.3448744991314453,1.0631694979712307,HEALTHY
1.0691671104579334,3.3936636475731814,63,0.3149552419493085,1.143118310084967,HEALTHY
1.0809446816551362,3.636392170074387,62,0.297175732259035,1.1684414047985239,HEALTHY
1.7997260086864286,7.872429506190674,87,0.22858222166990264,3.239013706342383,FAULT
1.7622526139911305,5.504713890882398,88,0.32007704158210354,3.1055342755185724,WARNING
1.6765512219472472,5.919341597290196,88,0.28318487952023286,2.8108239998128077,WARNING
2.223529858598284,7.299973492348377,95,0.30455251767844455,4.944085032078106,FAULT
1.0259171111903278,2.028419454119561,76,0.5055224582122722,1.0525059190331074,HEALTHY
1.0505208349440718,3.4861455787202535,70,0.3012552275863407,1.1035940246515896,HEALTHY
2.3376443995311464,9.045062548567719,92,0.2584156794163744,5.464581338659334,FAULT
2.150275930201597,8.123227047868914,93,0.26467452442329775,4.623686576004342,FAULT
1.7430067173628632,6.012980952854599,84,0.2898257794673471,3.038072416772064,WARNING
1.6175457032209226,5.272111387898767,83,0.30675356240966556,2.616454102008469,WARNING
1.6264846373105353,5.759870476925717,79,0.2823331376438977,2.6454522754071834,WARNING
1.0918463203201916,3.7323468721468673,70,0.2924577752113142,1.1921283871967423,HEALTHY
1.2024753078766053,3.0147329547708837,65,0.39873401455334156,1.4459468660529367,HEALTHY
1.2464527906766838,5.622035524558121,79,0.22166902293839494,1.553644559385693,WARNING
1.5963587981373872,5.677317267408327,87,0.2811323712572317,2.5483614123906433,WARNING
1.5733043434587495,5.298293271107622,81,0.2968894648719655,2.4752865571461666,WARNING
0.9854051678824309,3.140397920254454,79,0.31368365068587456,0.9710233448894019,HEALTHY
2.216388511333373,10.1991788199054,91,0.21728918193160934,4.912378033170564,FAULT
1.695538518203824,5.4979386645032795,86,0.30833923083173403,2.8748508667128196,WARNING
2.2077307861614965,9.47477626792197,92,0.23298679957601515,4.874075224165259,FAULT
2.0611689284734456,9.729373145583526,96,0.21182835412730086,4.248417351704372,FAULT
1.0335312455295729,2.9013686613839047,77,0.3560992300119329,1.0681868354859103,HEALTHY
1.0423178075744517,2.691082106150406,77,0.3871790556436386,1.0864264119868117,HEALTHY
0.9138229387135991,3.014873725464196,67,0.3030043768072371,0.8350723633191582,HEALTHY
0.9494590924083489,3.4341962974998466,69,0.2763915101734856,0.9014725681568856,HEALTHY
1.1595403837937501,2.7445730507801525,63,0.4223309168423939,1.3445339016485574,HEALTHY
1.0196476400811327,3.3328260996657626,65,0.30584907838574993,1.039681309923023,HEALTHY
1.7663800798992413,9.249895778414496,96,0.1909415176874882,3.12009858666485,FAULT
1.540868387766565,5.06956232860644,87,0.3038851093642008,2.3742753884183334,WARNING
1.591976002948149,5.197567241894793,89,0.3062336080061743,2.5343875939627645,WARNING
1.0435520200562591,2.866777577199697,69,0.3638887577450334,1.0890008185634992,HEALTHY
2.1266468168409505,8.764442158595596,93,0.24261717530763824,4.522626683579747,FAULT
1.1003931889637035,2.384227400672027,71,0.4613368053099141,1.210865170317709,HEALTHY
1.5003054598465346,6.2835341371286955,84,0.23872978125503516,2.2509164728453217,WARNING
1.9131279655375955,8.90061570140863,86,0.21491918205757346,3.660058612522019,FAULT
1.1097538775256848,3.9825673012753806,65,0.27858293674877427,1.2315536686832926,HEALTHY
2.3402898554116174,9.033492979631948,86,0.2590394237604419,5.476956607342529,FAULT
0.9928887210053388,3.876071053338383,67,0.25609247479496255,0.9858280122996175,HEALTHY
1.2023309271658407,3.8503835661448256,73,0.3121815593063235,1.4455996584194701,HEALTHY
1.5854749386496514,4.890014470347525,86,0.32416075402389827,2.513730781086116,WARNING
1.4696321801013927,5.559358799846147,85,0.2643052783108271,2.1598187447895723,WARNING
0.977307976340685,2.91398072681335,72,0.3352708192376544,0.9551308806191249,HEALTHY
1.067076241542385,3.531483774087967,65,0.302075341256985,1.1386517052642222,HEALTHY
1.929027441387496,9.620541427013867,98,0.2004904781651174,3.721146869625989,FAULT
1.1490590352517147,2.8492029621957795,64,0.40314989861861855,1.3203366664936014,HEALTHY
0.9618166280130862,3.4725438041771794,79,0.27689779724569313,0.9250912259224634,HEALTHY
1.0736947843784812,3.3500867828628653,79,0.32040196328822423,1.1528204900015533,HEALTHY
0.9886063199942661,2.849446106621879,60,0.34682512245982555,0.9773424559326052,HEALTHY
1.0475152853703278,2.8361266332072668,77,0.3692169651892311,1.0972882730844793,HEALTHY
2.178418449124069,9.974701261665349,95,0.21837246244485098,4.745506939484113,FAULT
1.044433743286302,3.5559950248868404,76,0.29362811473696926,1.090841844115037,HEALTHY
1.6537435890248955,6.711331948871598,83,0.24637392811046901,2.7348678582409423,WARNING
1.0079001714786064,3.7553351112833795,77,0.26832008902801274,1.0158627556666042,HEALTHY
1.0613005712069972,2.3477734080771198,79,0.45185311088644203,1.1263589024442984,HEALTHY
1.7341236240129225,5.693417976768775,82,0.30453044210796215,3.007184743359712,WARNING
1.0545069029449696,2.995141707060747,79,0.3519549494137426,1.1119848083585915,HEALTHY
1.994521984828219,10.0933246903326,99,0.1975884515324126,3.978117947963098,FAULT
1.0604952072275107,3.2345714068313742,67,0.3277613360621405,1.124650084552521,HEALTHY
1.0167044476091798,2.747972264383857,67,0.36984892891855337,1.0336879337882874,HEALTHY
1.057930122892371,2.942587720918244,76,0.3594015953301887,1.119216144923067,HEALTHY
1.1402169606555903,3.2714362069571212,67,0.3484306151580637,1.300094717366672,HEALTHY
2.02200163664451,9.233778515289849,89,0.21895507653992133,4.0884906185930765,FAULT
1.449921877496064,5.716424792934022,78,0.2535970178895881,2.1022734508417114,WARNING
1.0344242163106656,3.1743247291566012,78,0.32576958407193185,1.0700334592899348,HEALTHY
1.0595960544126994,3.039534317755529,76,0.3484900822283352,1.1227437985269604,HEALTHY
1.4769339274627593,5.249909294955691,83,0.2812720320424469,2.181333826090571,WARNING
2.216268329355868,9.933400851237563,94,0.22309028622292604,4.91184530770585,FAULT
2.037962694956358,7.377538415279106,94,0.27620140741372945,4.153291946033781,FAULT
1.6551256151035754,6.683602405450589,80,0.2476027016586648,2.739440801771989,WARNING
1.0016815499224616,3.108180537855861,60,0.32216898881440853,1.003365927455065,HEALTHY
1.0515323932046288,3.291880298867142,71,0.3193351405960278,1.105720373958654,HEALTHY
1.101238383616066,3.1237987576008757,71,0.35241897768212216,1.2127259775493258,HEALTHY
1.1138082279999804,2.805229870332539,73,0.3969055563748218,1.2405687687604563,HEALTHY
1.0711438257580348,3.490079789069274,67,0.3068230720798286,1.147349095459559,HEALTHY
1.4361300175010197,6.848417918749335,79,0.20967183409407858,2.062469427167479,WARNING
2.4042143299348524,8.69288399536772,88,0.2765408799123461,5.780246544264092,FAULT
0.9616470977990733,3.569588183433762,61,0.2693245617797001,0.9247651407053805,HEALTHY
0.983111440329632,2.4460854563934906,76,0.40174789881614503,0.9665081041070037,HEALTHY
2.138692051203653,8.097760790983678,88,0.26407645643573663,4.574003689881689,FAULT
0.8970196019664178,3.172546381565813,79,0.28265526767686083,0.8046441663119906,HEALTHY
1.6882437683371418,6.893301369637424,87,0.24487524954626805,2.850167021329193,WARNING
1.5167220732120823,6.22909744045641,84,0.2434507786929523,2.3004458473687572,WARNING
1.7791302382752192,6.2859335929966695,80,0.28298855267965317,3.165304404745238,WARNING
1.1031771269047113,3.236387590710164,67,0.3407615232943778,1.2169997733257334,HEALTHY
2.1254582132808553,9.493372374276651,97,0.22386505705626358,4.517572616403045,FAULT
0.9914765944304275,3.1006567894351504,65,0.3196603176107655,0.9830258373033584,HEALTHY
1.0619128060677099,2.928223630827315,60,0.36252363762605205,1.1276588076905976,HEALTHY
1.6686416672413686,5.990863033631576,89,0.27848461453065465,2.7843650136540545,WARNING
1.07062020321142,2.7032957698073505,68,0.39589612022640897,1.1462276195244623,HEALTHY
0.994170098510729,3.5029067734141623,61,0.2837318920851374,0.9883741847728327,HEALTHY
1.060360036080648,3.079346446585896,67,0.34423401862991704,1.1243634061169532,HEALTHY
1.9347005463180715,9.621286121730533,94,0.20106454140340227,3.7430662039234446,FAULT
1.0843650400162783,3.373355446293558,65,0.321354717152682,1.175847540009505,HEALTHY
2.0523216538365934,9.820117998251973,85,0.20897026735671836,4.21202417080657,FAULT
0.9284523139618527,2.067137760755773,65,0.44893156132044243,0.8620236993011187,HEALTHY
1.5137862335540297,5.640571697433125,83,0.2683270398287753,2.2915487608976957,WARNING
1.4642582561113113,6.338184663172284,85,0.23098526607340703,2.1440522405901388,WARNING
2.2172142335851337,11.357174533639638,94,0.19520867785737792,4.916038957612511,FAULT
1.9312885708223528,8.57752908715071,95,0.22513050328349649,3.729875543789046,FAULT
1.5570781065907517,6.068123500481619,84,0.2565573276713168,2.4244922300242404,WARNING
1.0713338211026657,2.8371967366469364,70,0.3774698939187515,1.1477561562384386,HEALTHY
1.1325494386027866,3.738321306945148,79,0.302875667971958,1.282668230879487,HEALTHY
1.6890888877947077,5.5982471567913565,85,0.30166357020800605,2.8530212708715625,WARNING
1.1229986711637931,3.143482774717562,77,0.35713303319483475,1.2611260154356452,HEALTHY
0.964457051566494,2.485221707464061,73,0.38792077499405214,0.9301774043163348,HEALTHY
0.9935515375622265,2.8231653860980286,67,0.351803595658027,0.9871446577922643,HEALTHY
0.9540112222256322,3.083097913822464,72,0.3093323392716869,0.9101374121324445,HEALTHY
1.5158279626955364,5.421109160388819,88,0.27956426509621146,2.297734412489701,WARNING
1.1215239677859836,3.0013156704278368,66,0.37355298073175763,1.257816010318416,HEALTHY
2.19505282344951,10.09272275511686,93,0.21746712057617804,4.818256897733665,FAULT
1.0282543757376277,2.960068449382841,77,0.3472578879262116,1.0573070612235784,HEALTHY
1.745165648680236,5.498428231700944,88,0.317335834772857,3.045603141333509,WARNING
2.200851655948199,9.027911758547045,90,0.24375602672878105,4.84374801148993,FAULT
1.0454729208880085,3.6875883159174654,68,0.28343442838997535,1.093013628310104,HEALTHY
0.9045616619690277,3.5038849181936675,62,0.2580859808758619,0.8182318003041694,HEALTHY
2.350483291734401,10.484726142174946,99,0.2241602784456151,5.524771704722586,FAULT
0.9808893631528187,3.7117859726631006,65,0.2641922724269636,0.9621439427463423,HEALTHY
1.0251706897446344,2.812428260700567,70,0.3643848695432378,1.0509749431114894,HEALTHY
1.0357424415691812,2.6543008979128357,77,0.3900659403170891,1.0727624052676887,HEALTHY
0.9465486764993082,3.4289561244702704,74,0.2759652433296053,0.8959543969825919,HEALTHY
1.0649443513982124,2.7779637966700466,74,0.3832163458459966,1.1341064715749594,HEALTHY
1.4491434877176883,5.665152627691009,86,0.2557544039028512,2.1000168479945858,WARNING
1.0131986271178963,2.818976750872575,69,0.35929325545126783,1.0265714579935898,HEALTHY
1.0892966132329598,3.056788248101206,71,0.3562367714341829,1.1865671116007963,HEALTHY
1.0373388894876807,3.189671525980657,62,0.3251161647449288,1.0760719716435347,HEALTHY
1.035406549156837,3.2124303867500057,71,0.32221222324471294,1.0720667220368694,HEALTHY
1.1158647561683348,2.7800483036428982,72,0.40123889783095906,1.2451541540586173,HEALTHY
1.8414973186414585,6.580187915281355,85,0.2798122986832738,3.391112374563681,WARNING
2.319354155043299,7.272772579648505,92,0.31886536589454084,5.379403696516614,FAULT
0.9570454006675004,3.0764369873576927,76,0.31098781375511636,0.9159358989388164,HEALTHY
1.0411467705154136,2.8413431090739167,74,0.36629876498430086,1.0839865977546752,HEALTHY
1.5686023561356714,9.025177943378194,87,0.17378367299820777,2.46051335167438,FAULT
1.090137519442216,3.9371612193218604,72,0.27681383740555304,1.188399811295628,HEALTHY
1.6230130483369032,6.228591361524192,81,0.26053282697820507,2.634171355071847,WARNING
1.4496806190084461,6.564632852399031,79,0.22079830712415546,2.1015738971287115,WARNING
1.0188061034752445,3.2632213959680527,63,0.31211305236025594,1.0379658764784105,HEALTHY
1.6794935964792712,5.45265938059814,88,0.3079571860417637,2.820698740614877,WARNING
1.612807402028242,5.604647585708126,81,0.2877111658143072,2.601147716037087,WARNING
1.1189946727644287,3.3362032370968095,74,0.33530911762446175,1.2521490776751707,HEALTHY
2.345684422405607,9.922142545933935,86,0.2363852390054363,5.5022354095163255,FAULT
1.0874261380188768,4.03250785150669,63,0.2695981210530372,1.1824956056466494,HEALTHY
1.1214363096087017,3.931848080686435,78,0.28514610445185756,1.2576193965087838,HEALTHY
2.0766344668185845,10.897776541242024,94,0.1905383103287235,4.3124107087789065,FAULT
1.1070169623089066,2.4467399167765667,75,0.45226086101775853,1.225486554839639,HEALTHY
1.5432164139944384,5.570368724704865,85,0.2769905368408708,2.381516900421854,WARNING
2.4439165074721774,9.695427286564886,94,0.25204298812805037,5.972727895495005,FAULT
1.5264791799833972,4.802424206649187,88,0.31778979209672,2.3301386869227847,WARNING
1.9595367238522405,8.723004861541469,94,0.2246143548693535,3.839784172125572,FAULT
1.58403080138274,7.298090704213897,80,0.2170175526751915,2.5091535797292455,WARNING
1.013751530561543,3.5578894058588553,69,0.28485052918268405,1.027692165715871,HEALTHY
1.9487461291349029,9.056023928566205,97,0.21516406984290745,3.7976114758182673,FAULT
1.037115079758896,3.3620162173748747,68,0.30838836708567946,1.075607688663301,HEALTHY
1.641370612087639,5.04401111293701,83,0.32534529168402493,2.6940974862249507,WARNING
0.9974280135369149,3.3369404716118427,75,0.29881539890232717,0.9948626421881961,HEALTHY
1.1123479203124267,3.1843921922489824,67,0.3492028149686258,1.2373178958233808,HEALTHY
1.0563142255257778,3.078544585204857,61,0.3430098822405943,1.1157997430481237,HEALTHY
2.455873361669629,9.304714652854996,87,0.2639102372342963,6.031313968558484,FAULT
1.4844988896834708,5.277846265889664,86,0.2812165414393409,2.2037369534714575,WARNING
2.474438620309886,11.351142048297795,92,0.21797107627638584,6.122846485681091,FAULT
1.1473049631479524,3.2668556852842525,73,0.35108801417225216,1.3163086784639244,HEALTHY
2.326224627855905,10.10187578130792,97,0.23025370975656514,5.411321019243343,FAULT
2.27773203372862,10.45811832508715,88,0.2177747648446879,5.188063217473516,FAULT
1.3653493370869696,6.104280693727161,88,0.22363416287965115,1.8641788122838274,WARNING
1.0321472292655287,3.417443170992052,78,0.3019348801887479,1.0653279028805078,HEALTHY
1.6898038525807348,5.052643653031267,84,0.3343733687212314,2.855437060196694,WARNING
1.0433285103096894,1.9248754095839429,64,0.5417424746780921,1.0885343804250358,HEALTHY
1.172811897600604,2.937217929440636,73,0.3991575593658835,1.3754877471535294,HEALTHY
0.9461992288014216,2.8968575215976498,67,0.3265168220830133,0.895292980584405,HEALTHY
2.416437822152157,9.62659199149281,99,0.2509908837316106,5.839171748327461,FAULT
0.9250805422046513,3.8013679313716,67,0.243290643857012,0.8557740095656516,HEALTHY
0.9997812875132396,3.0847844504311697,70,0.3239958278270352,0.999562622861631,HEALTHY
2.1368970981882534,9.727861140750777,90,0.21964514317483094,4.566329208245378,FAULT
2.0376107504609795,10.414645386439412,99,0.19562981215871988,4.1518575703941565,FAULT
1.141768954168659,3.186008099954351,67,0.35825731167266667,1.3036363447033936,HEALTHY
1.0770842301028731,2.8248297693854405,62,0.38115679924241036,1.160110438736299,HEALTHY
1.5727476627721557,5.204340894548907,81,0.30214114591786967,2.4735352107552786,WARNING
1.5499857021729089,6.4500042627467895,83,0.2402704507767503,2.4024556769404453,WARNING
1.104360980326353,3.638682572136051,79,0.30342233379935313,1.2196131748673835,HEALTHY
0.999181802677664,3.481688915793767,67,0.28689952701386556,0.9983642748021863,HEALTHY
1.2543749060721694,2.9431221389862916,68,0.42606075660436793,1.5734564049835638,HEALTHY
1.144439270237837,4.1113607946116915,73,0.2782925252417937,1.3097412432625128,HEALTHY
1.0804158695322716,3.12815740088553,61,0.34527373702151304,1.1672984511371747,HEALTHY
0.9626269093825529,3.533900530529953,65,0.27232079122697006,0.9266505666674058,HEALTHY
1.4175634554500722,5.881379205265572,85,0.24098471145504355,2.009486150227549,WARNING
1.130856173166889,3.4996175778104157,71,0.32304476225427137,1.2788356843896607,HEALTHY
1.0200655779207854,3.137773722191266,79,0.32498856821340055,1.040533783258866,HEALTHY
1.7211073699549506,5.45257279829911,87,0.31559262773419633,2.9622105789132473,WARNING
